Workbook

Sheet Search
B1: CONSOLIDATED SUPPLIER PRICE LIST - SEARCH
B2: Pick from the yellow dropdowns (or type a keyword). Leave a box blank or 'All' to ignore it. Item list follows the chosen Category.
B4: Supplier | C4: All | G4: Matches found: | H4: ='Price List'!M1352 -> 1351
B5: Category | C5: All | G5: Showing up to: | H5: 400
B6: Item / Brand | C6: All | G6: Total items in list: | H6: =COUNTA('Price List'!A2:A1352) -> 1351
B7: Keyword (any text) | G7: Example: Keyword 'Conqueror', Size '25 x 38'
B8: Size contains
A10: # | B10: Supplier | C10: Category | D10: Item / Brand | E10: Description / Color | F10: GSM / Caliper / Code | G10: Size | H10: Unit / Packing | I10: Price (PHP) | J10: Notes | K10: Price List Date | L10: row
A11: 1 | B11: =IF($L11="","",INDEX('Price List'!$B$2:$B$1352,$L11)&"") -> Hi-Gloss Lamination, Inc. | C11: =IF($L11="","",INDEX('Price List'!$C$2:$C$1352,$L11)&"") -> Lamination / Finishing Service | D11: =IF($L11="","",INDEX('Price List'!$D$2:$D$1352,$L11)&"") -> 5D Spot Hologram (3 Designs) | E11: =IF($L11="","",INDEX('Price List'!$E$2:$E$1352,$L11)&"") | F11: =IF($L11="","",INDEX('Price List'!$F$2:$F$1352,$L11)&"") | G11: =IF($L11="","",INDEX('Price List'!$G$2:$G$1352,$L11)&"") | H11: =IF($L11="","",INDEX('Price List'!$H$2:$H$1352,$L11)&"") -> per sq. inch | I11: =IF($L11="","",IF(INDEX('Price List'!$I$2:$I$1352,$L11)="","",INDEX('Price List'!$I$2:$I$1352,$L11))) -> 0.018 | J11: =IF($L11="","",INDEX('Price List'!$J$2:$J$1352,$L11)&"") -> Min. P2.00/sheet; Min. P1,500.00/job | K11: =IF($L11="","",INDEX('Price List'!$K$2:$K$1352,$L11)&"") -> Sep 2018 | L11: =IF(1>$H$4,"",MATCH(1,'Price List'!$M$2:$M$1352,0)) -> 1
A12: 2 | B12: =IF($L12="","",INDEX('Price List'!$B$2:$B$1352,$L12)&"") -> Hi-Gloss Lamination, Inc. | C12: =IF($L12="","",INDEX('Price List'!$C$2:$C$1352,$L12)&"") -> Lamination / Finishing Service | D12: =IF($L12="","",INDEX('Price List'!$D$2:$D$1352,$L12)&"") -> 3D Dyna Spot (Pattern) | E12: =IF($L12="","",INDEX('Price List'!$E$2:$E$1352,$L12)&"") | F12: =IF($L12="","",INDEX('Price List'!$F$2:$F$1352,$L12)&"") | G12: =IF($L12="","",INDEX('Price List'!$G$2:$G$1352,$L12)&"") | H12: =IF($L12="","",INDEX('Price List'!$H$2:$H$1352,$L12)&"") -> per sq. inch | I12: =IF($L12="","",IF(INDEX('Price List'!$I$2:$I$1352,$L12)="","",INDEX('Price List'!$I$2:$I$1352,$L12))) -> 0.008 | J12: =IF($L12="","",INDEX('Price List'!$J$2:$J$1352,$L12)&"") -> Min. P1.00/sheet; Min. P1,000.00/job | K12: =IF($L12="","",INDEX('Price List'!$K$2:$K$1352,$L12)&"") -> Sep 2018 | L12: =IF(2>$H$4,"",MATCH(2,'Price List'!$M$2:$M$1352,0)) -> 2
A13: 3 | B13: =IF($L13="","",INDEX('Price List'!$B$2:$B$1352,$L13)&"") -> Hi-Gloss Lamination, Inc. | C13: =IF($L13="","",INDEX('Price List'!$C$2:$C$1352,$L13)&"") -> Lamination / Finishing Service | D13: =IF($L13="","",INDEX('Price List'!$D$2:$D$1352,$L13)&"") -> 3D Spot (Ordinary / Semi-Heavy Duty) | E13: =IF($L13="","",INDEX('Price List'!$E$2:$E$1352,$L13)&"") | F13: =IF($L13="","",INDEX('Price List'!$F$2:$F$1352,$L13)&"") | G13: =IF($L13="","",INDEX('Price List'!$G$2:$G$1352,$L13)&"") | H13: =IF($L13="","",INDEX('Price List'!$H$2:$H$1352,$L13)&"") -> per sq. inch | I13: =IF($L13="","",IF(INDEX('Price List'!$I$2:$I$1352,$L13)="","",INDEX('Price List'!$I$2:$I$1352,$L13))) -> 0.006 | J13: =IF($L13="","",INDEX('Price List'!$J$2:$J$1352,$L13)&"") -> Min. P1.00/sheet; Min. P1,000.00/job | K13: =IF($L13="","",INDEX('Price List'!$K$2:$K$1352,$L13)&"") -> Sep 2018 | L13: =IF(3>$H$4,"",MATCH(3,'Price List'!$M$2:$M$1352,0)) -> 3
A14: 4 | B14: =IF($L14="","",INDEX('Price List'!$B$2:$B$1352,$L14)&"") -> Hi-Gloss Lamination, Inc. | C14: =IF($L14="","",INDEX('Price List'!$C$2:$C$1352,$L14)&"") -> Lamination / Finishing Service | D14: =IF($L14="","",INDEX('Price List'!$D$2:$D$1352,$L14)&"") -> 3D Spot (Heavy Duty) | E14: =IF($L14="","",INDEX('Price List'!$E$2:$E$1352,$L14)&"") | F14: =IF($L14="","",INDEX('Price List'!$F$2:$F$1352,$L14)&"") | G14: =IF($L14="","",INDEX('Price List'!$G$2:$G$1352,$L14)&"") | H14: =IF($L14="","",INDEX('Price List'!$H$2:$H$1352,$L14)&"") -> per sq. inch | I14: =IF($L14="","",IF(INDEX('Price List'!$I$2:$I$1352,$L14)="","",INDEX('Price List'!$I$2:$I$1352,$L14))) -> 0.009 | J14: =IF($L14="","",INDEX('Price List'!$J$2:$J$1352,$L14)&"") -> Min. P1.00/sheet; Min. P1,000.00/job | K14: =IF($L14="","",INDEX('Price List'!$K$2:$K$1352,$L14)&"") -> Sep 2018 | L14: =IF(4>$H$4,"",MATCH(4,'Price List'!$M$2:$M$1352,0)) -> 4
A15: 5 | B15: =IF($L15="","",INDEX('Price List'!$B$2:$B$1352,$L15)&"") -> Hi-Gloss Lamination, Inc. | C15: =IF($L15="","",INDEX('Price List'!$C$2:$C$1352,$L15)&"") -> Lamination / Finishing Service | D15: =IF($L15="","",INDEX('Price List'!$D$2:$D$1352,$L15)&"") -> 3D Glitters (Multi-Colored) | E15: =IF($L15="","",INDEX('Price List'!$E$2:$E$1352,$L15)&"") | F15: =IF($L15="","",INDEX('Price List'!$F$2:$F$1352,$L15)&"") | G15: =IF($L15="","",INDEX('Price List'!$G$2:$G$1352,$L15)&"") | H15: =IF($L15="","",INDEX('Price List'!$H$2:$H$1352,$L15)&"") -> per sq. inch | I15: =IF($L15="","",IF(INDEX('Price List'!$I$2:$I$1352,$L15)="","",INDEX('Price List'!$I$2:$I$1352,$L15))) -> 0.009 | J15: =IF($L15="","",INDEX('Price List'!$J$2:$J$1352,$L15)&"") -> Min. P1.00/sheet; Min. P1,000.00/job | K15: =IF($L15="","",INDEX('Price List'!$K$2:$K$1352,$L15)&"") -> Sep 2018 | L15: =IF(5>$H$4,"",MATCH(5,'Price List'!$M$2:$M$1352,0)) -> 5
A16: 6 | B16: =IF($L16="","",INDEX('Price List'!$B$2:$B$1352,$L16)&"") -> Hi-Gloss Lamination, Inc. | C16: =IF($L16="","",INDEX('Price List'!$C$2:$C$1352,$L16)&"") -> Lamination / Finishing Service | D16: =IF($L16="","",INDEX('Price List'!$D$2:$D$1352,$L16)&"") -> 3D Spot (Matt) | E16: =IF($L16="","",INDEX('Price List'!$E$2:$E$1352,$L16)&"") | F16: =IF($L16="","",INDEX('Price List'!$F$2:$F$1352,$L16)&"") | G16: =IF($L16="","",INDEX('Price List'!$G$2:$G$1352,$L16)&"") | H16: =IF($L16="","",INDEX('Price List'!$H$2:$H$1352,$L16)&"") -> per sq. inch | I16: =IF($L16="","",IF(INDEX('Price List'!$I$2:$I$1352,$L16)="","",INDEX('Price List'!$I$2:$I$1352,$L16))) -> 0.006 | J16: =IF($L16="","",INDEX('Price List'!$J$2:$J$1352,$L16)&"") -> Min. P1.00/sheet; Min. P1,000.00/job | K16: =IF($L16="","",INDEX('Price List'!$K$2:$K$1352,$L16)&"") -> Sep 2018 | L16: =IF(6>$H$4,"",MATCH(6,'Price List'!$M$2:$M$1352,0)) -> 6
A17: 7 | B17: =IF($L17="","",INDEX('Price List'!$B$2:$B$1352,$L17)&"") -> Hi-Gloss Lamination, Inc. | C17: =IF($L17="","",INDEX('Price List'!$C$2:$C$1352,$L17)&"") -> Lamination / Finishing Service | D17: =IF($L17="","",INDEX('Price List'!$D$2:$D$1352,$L17)&"") -> 3D Stone Finish | E17: =IF($L17="","",INDEX('Price List'!$E$2:$E$1352,$L17)&"") | F17: =IF($L17="","",INDEX('Price List'!$F$2:$F$1352,$L17)&"") | G17: =IF($L17="","",INDEX('Price List'!$G$2:$G$1352,$L17)&"") | H17: =IF($L17="","",INDEX('Price List'!$H$2:$H$1352,$L17)&"") -> per sq. inch | I17: =IF($L17="","",IF(INDEX('Price List'!$I$2:$I$1352,$L17)="","",INDEX('Price List'!$I$2:$I$1352,$L17))) -> 0.009 | J17: =IF($L17="","",INDEX('Price List'!$J$2:$J$1352,$L17)&"") -> Min. P1.00/sheet; Min. P1,000.00/job | K17: =IF($L17="","",INDEX('Price List'!$K$2:$K$1352,$L17)&"") -> Sep 2018 | L17: =IF(7>$H$4,"",MATCH(7,'Price List'!$M$2:$M$1352,0)) -> 7
A18: 8 | B18: =IF($L18="","",INDEX('Price List'!$B$2:$B$1352,$L18)&"") -> Hi-Gloss Lamination, Inc. | C18: =IF($L18="","",INDEX('Price List'!$C$2:$C$1352,$L18)&"") -> Lamination / Finishing Service | D18: =IF($L18="","",INDEX('Price List'!$D$2:$D$1352,$L18)&"") -> Texture Embossing | E18: =IF($L18="","",INDEX('Price List'!$E$2:$E$1352,$L18)&"") | F18: =IF($L18="","",INDEX('Price List'!$F$2:$F$1352,$L18)&"") | G18: =IF($L18="","",INDEX('Price List'!$G$2:$G$1352,$L18)&"") | H18: =IF($L18="","",INDEX('Price List'!$H$2:$H$1352,$L18)&"") -> per sq. inch | I18: =IF($L18="","",IF(INDEX('Price List'!$I$2:$I$1352,$L18)="","",INDEX('Price List'!$I$2:$I$1352,$L18))) -> 0.003 | J18: =IF($L18="","",INDEX('Price List'!$J$2:$J$1352,$L18)&"") -> Min. P0.50/sheet; Min. P500.00/job | K18: =IF($L18="","",INDEX('Price List'!$K$2:$K$1352,$L18)&"") -> Sep 2018 | L18: =IF(8>$H$4,"",MATCH(8,'Price List'!$M$2:$M$1352,0)) -> 8
A19: 9 | B19: =IF($L19="","",INDEX('Price List'!$B$2:$B$1352,$L19)&"") -> Hi-Gloss Lamination, Inc. | C19: =IF($L19="","",INDEX('Price List'!$C$2:$C$1352,$L19)&"") -> Lamination / Finishing Service | D19: =IF($L19="","",INDEX('Price List'!$D$2:$D$1352,$L19)&"") -> UV Coating (Full / Spot) | E19: =IF($L19="","",INDEX('Price List'!$E$2:$E$1352,$L19)&"") | F19: =IF($L19="","",INDEX('Price List'!$F$2:$F$1352,$L19)&"") | G19: =IF($L19="","",INDEX('Price List'!$G$2:$G$1352,$L19)&"") | H19: =IF($L19="","",INDEX('Price List'!$H$2:$H$1352,$L19)&"") -> per sq. inch | I19: =IF($L19="","",IF(INDEX('Price List'!$I$2:$I$1352,$L19)="","",INDEX('Price List'!$I$2:$I$1352,$L19))) -> 0.0025 | J19: =IF($L19="","",INDEX('Price List'!$J$2:$J$1352,$L19)&"") -> Min. P0.60/sheet; Min. P500.00/job | K19: =IF($L19="","",INDEX('Price List'!$K$2:$K$1352,$L19)&"") -> Sep 2018 | L19: =IF(9>$H$4,"",MATCH(9,'Price List'!$M$2:$M$1352,0)) -> 9
A20: 10 | B20: =IF($L20="","",INDEX('Price List'!$B$2:$B$1352,$L20)&"") -> Hi-Gloss Lamination, Inc. | C20: =IF($L20="","",INDEX('Price List'!$C$2:$C$1352,$L20)&"") -> Lamination / Finishing Service | D20: =IF($L20="","",INDEX('Price List'!$D$2:$D$1352,$L20)&"") -> Plastic Glossy Lamination | E20: =IF($L20="","",INDEX('Price List'!$E$2:$E$1352,$L20)&"") | F20: =IF($L20="","",INDEX('Price List'!$F$2:$F$1352,$L20)&"") | G20: =IF($L20="","",INDEX('Price List'!$G$2:$G$1352,$L20)&"") | H20: =IF($L20="","",INDEX('Price List'!$H$2:$H$1352,$L20)&"") -> per sq. inch | I20: =IF($L20="","",IF(INDEX('Price List'!$I$2:$I$1352,$L20)="","",INDEX('Price List'!$I$2:$I$1352,$L20))) -> 0.007 | J20: =IF($L20="","",INDEX('Price List'!$J$2:$J$1352,$L20)&"") -> Min. P0.70/sheet; Min. P900.00/job | K20: =IF($L20="","",INDEX('Price List'!$K$2:$K$1352,$L20)&"") -> Sep 2018 | L20: =IF(10>$H$4,"",MATCH(10,'Price List'!$M$2:$M$1352,0)) -> 10
A21: 11 | B21: =IF($L21="","",INDEX('Price List'!$B$2:$B$1352,$L21)&"") -> Hi-Gloss Lamination, Inc. | C21: =IF($L21="","",INDEX('Price List'!$C$2:$C$1352,$L21)&"") -> Lamination / Finishing Service | D21: =IF($L21="","",INDEX('Price List'!$D$2:$D$1352,$L21)&"") -> Window Lamination | E21: =IF($L21="","",INDEX('Price List'!$E$2:$E$1352,$L21)&"") | F21: =IF($L21="","",INDEX('Price List'!$F$2:$F$1352,$L21)&"") | G21: =IF($L21="","",INDEX('Price List'!$G$2:$G$1352,$L21)&"") | H21: =IF($L21="","",INDEX('Price List'!$H$2:$H$1352,$L21)&"") -> per sq. inch | I21: =IF($L21="","",IF(INDEX('Price List'!$I$2:$I$1352,$L21)="","",INDEX('Price List'!$I$2:$I$1352,$L21))) -> 0.009 | J21: =IF($L21="","",INDEX('Price List'!$J$2:$J$1352,$L21)&"") -> Min. P0.90/sheet; Min. P900.00/job | K21: =IF($L21="","",INDEX('Price List'!$K$2:$K$1352,$L21)&"") -> Sep 2018 | L21: =IF(11>$H$4,"",MATCH(11,'Price List'!$M$2:$M$1352,0)) -> 11
A22: 12 | B22: =IF($L22="","",INDEX('Price List'!$B$2:$B$1352,$L22)&"") -> Hi-Gloss Lamination, Inc. | C22: =IF($L22="","",INDEX('Price List'!$C$2:$C$1352,$L22)&"") -> Lamination / Finishing Service | D22: =IF($L22="","",INDEX('Price List'!$D$2:$D$1352,$L22)&"") -> Matt Lamination | E22: =IF($L22="","",INDEX('Price List'!$E$2:$E$1352,$L22)&"") | F22: =IF($L22="","",INDEX('Price List'!$F$2:$F$1352,$L22)&"") | G22: =IF($L22="","",INDEX('Price List'!$G$2:$G$1352,$L22)&"") | H22: =IF($L22="","",INDEX('Price List'!$H$2:$H$1352,$L22)&"") -> per sq. inch | I22: =IF($L22="","",IF(INDEX('Price List'!$I$2:$I$1352,$L22)="","",INDEX('Price List'!$I$2:$I$1352,$L22))) -> 0.007 | J22: =IF($L22="","",INDEX('Price List'!$J$2:$J$1352,$L22)&"") -> Min. P0.70/sheet; Min. P900.00/job | K22: =IF($L22="","",INDEX('Price List'!$K$2:$K$1352,$L22)&"") -> Sep 2018 | L22: =IF(12>$H$4,"",MATCH(12,'Price List'!$M$2:$M$1352,0)) -> 12
A23: 13 | B23: =IF($L23="","",INDEX('Price List'!$B$2:$B$1352,$L23)&"") -> Hi-Gloss Lamination, Inc. | C23: =IF($L23="","",INDEX('Price List'!$C$2:$C$1352,$L23)&"") -> Lamination / Finishing Service | D23: =IF($L23="","",INDEX('Price List'!$D$2:$D$1352,$L23)&"") -> Japan Blister (2 Layers) | E23: =IF($L23="","",INDEX('Price List'!$E$2:$E$1352,$L23)&"") | F23: =IF($L23="","",INDEX('Price List'!$F$2:$F$1352,$L23)&"") | G23: =IF($L23="","",INDEX('Price List'!$G$2:$G$1352,$L23)&"") | H23: =IF($L23="","",INDEX('Price List'!$H$2:$H$1352,$L23)&"") -> per sq. inch | I23: =IF($L23="","",IF(INDEX('Price List'!$I$2:$I$1352,$L23)="","",INDEX('Price List'!$I$2:$I$1352,$L23))) -> 0.008 | J23: =IF($L23="","",INDEX('Price List'!$J$2:$J$1352,$L23)&"") -> Min. P0.80/sheet; Min. P500.00/job | K23: =IF($L23="","",INDEX('Price List'!$K$2:$K$1352,$L23)&"") -> Sep 2018 | L23: =IF(13>$H$4,"",MATCH(13,'Price List'!$M$2:$M$1352,0)) -> 13
A24: 14 | B24: =IF($L24="","",INDEX('Price List'!$B$2:$B$1352,$L24)&"") -> Hi-Gloss Lamination, Inc. | C24: =IF($L24="","",INDEX('Price List'!$C$2:$C$1352,$L24)&"") -> Lamination / Finishing Service | D24: =IF($L24="","",INDEX('Price List'!$D$2:$D$1352,$L24)&"") -> Hologram Lamination | E24: =IF($L24="","",INDEX('Price List'!$E$2:$E$1352,$L24)&"") | F24: =IF($L24="","",INDEX('Price List'!$F$2:$F$1352,$L24)&"") | G24: =IF($L24="","",INDEX('Price List'!$G$2:$G$1352,$L24)&"") -> Width 12" | H24: =IF($L24="","",INDEX('Price List'!$H$2:$H$1352,$L24)&"") -> per sq. inch | I24: =IF($L24="","",IF(INDEX('Price List'!$I$2:$I$1352,$L24)="","",INDEX('Price List'!$I$2:$I$1352,$L24))) -> 0.025 | J24: =IF($L24="","",INDEX('Price List'!$J$2:$J$1352,$L24)&"") -> Min. P2.00/sheet; Min. P1,000.00/job | K24: =IF($L24="","",INDEX('Price List'!$K$2:$K$1352,$L24)&"") -> Sep 2018 | L24: =IF(14>$H$4,"",MATCH(14,'Price List'!$M$2:$M$1352,0)) -> 14
A25: 15 | B25: =IF($L25="","",INDEX('Price List'!$B$2:$B$1352,$L25)&"") -> Hi-Gloss Lamination, Inc. | C25: =IF($L25="","",INDEX('Price List'!$C$2:$C$1352,$L25)&"") -> Lamination / Finishing Service | D25: =IF($L25="","",INDEX('Price List'!$D$2:$D$1352,$L25)&"") -> Wax Lamination | E25: =IF($L25="","",INDEX('Price List'!$E$2:$E$1352,$L25)&"") | F25: =IF($L25="","",INDEX('Price List'!$F$2:$F$1352,$L25)&"") | G25: =IF($L25="","",INDEX('Price List'!$G$2:$G$1352,$L25)&"") | H25: =IF($L25="","",INDEX('Price List'!$H$2:$H$1352,$L25)&"") -> per sq. inch | I25: =IF($L25="","",IF(INDEX('Price List'!$I$2:$I$1352,$L25)="","",INDEX('Price List'!$I$2:$I$1352,$L25))) -> 0.0035 | J25: =IF($L25="","",INDEX('Price List'!$J$2:$J$1352,$L25)&"") -> Min. P1.00/sheet; Min. P1,000.00/job | K25: =IF($L25="","",INDEX('Price List'!$K$2:$K$1352,$L25)&"") -> Sep 2018 | L25: =IF(15>$H$4,"",MATCH(15,'Price List'!$M$2:$M$1352,0)) -> 15
A26: 16 | B26: =IF($L26="","",INDEX('Price List'!$B$2:$B$1352,$L26)&"") -> Hi-Gloss Lamination, Inc. | C26: =IF($L26="","",INDEX('Price List'!$C$2:$C$1352,$L26)&"") -> Lamination / Finishing Service | D26: =IF($L26="","",INDEX('Price List'!$D$2:$D$1352,$L26)&"") -> Velvet Soft Touch | E26: =IF($L26="","",INDEX('Price List'!$E$2:$E$1352,$L26)&"") | F26: =IF($L26="","",INDEX('Price List'!$F$2:$F$1352,$L26)&"") | G26: =IF($L26="","",INDEX('Price List'!$G$2:$G$1352,$L26)&"") -> Width 12.5", 18.75", 24" | H26: =IF($L26="","",INDEX('Price List'!$H$2:$H$1352,$L26)&"") -> per sq. inch | I26: =IF($L26="","",IF(INDEX('Price List'!$I$2:$I$1352,$L26)="","",INDEX('Price List'!$I$2:$I$1352,$L26))) -> 0.035 | J26: =IF($L26="","",INDEX('Price List'!$J$2:$J$1352,$L26)&"") -> Min. P2.00/sheet; Min. P1,500.00/job | K26: =IF($L26="","",INDEX('Price List'!$K$2:$K$1352,$L26)&"") -> Sep 2018 | L26: =IF(16>$H$4,"",MATCH(16,'Price List'!$M$2:$M$1352,0)) -> 16
A27: 17 | B27: =IF($L27="","",INDEX('Price List'!$B$2:$B$1352,$L27)&"") -> Hi-Gloss Lamination, Inc. | C27: =IF($L27="","",INDEX('Price List'!$C$2:$C$1352,$L27)&"") -> Lamination / Finishing Service | D27: =IF($L27="","",INDEX('Price List'!$D$2:$D$1352,$L27)&"") -> Metallized Lamination | E27: =IF($L27="","",INDEX('Price List'!$E$2:$E$1352,$L27)&"") -> Silver | F27: =IF($L27="","",INDEX('Price List'!$F$2:$F$1352,$L27)&"") | G27: =IF($L27="","",INDEX('Price List'!$G$2:$G$1352,$L27)&"") -> Width 31" or 25" | H27: =IF($L27="","",INDEX('Price List'!$H$2:$H$1352,$L27)&"") -> per sq. inch | I27: =IF($L27="","",IF(INDEX('Price List'!$I$2:$I$1352,$L27)="","",INDEX('Price List'!$I$2:$I$1352,$L27))) -> 0.016 | J27: =IF($L27="","",INDEX('Price List'!$J$2:$J$1352,$L27)&"") -> Min. P2,000.00/job | K27: =IF($L27="","",INDEX('Price List'!$K$2:$K$1352,$L27)&"") -> Sep 2018 | L27: =IF(17>$H$4,"",MATCH(17,'Price List'!$M$2:$M$1352,0)) -> 17
A28: 18 | B28: =IF($L28="","",INDEX('Price List'!$B$2:$B$1352,$L28)&"") -> Hi-Gloss Lamination, Inc. | C28: =IF($L28="","",INDEX('Price List'!$C$2:$C$1352,$L28)&"") -> Lamination / Finishing Service | D28: =IF($L28="","",INDEX('Price List'!$D$2:$D$1352,$L28)&"") -> Metallized Lamination | E28: =IF($L28="","",INDEX('Price List'!$E$2:$E$1352,$L28)&"") -> Gold | F28: =IF($L28="","",INDEX('Price List'!$F$2:$F$1352,$L28)&"") | G28: =IF($L28="","",INDEX('Price List'!$G$2:$G$1352,$L28)&"") -> Width 31" or 25" | H28: =IF($L28="","",INDEX('Price List'!$H$2:$H$1352,$L28)&"") -> per sq. inch | I28: =IF($L28="","",IF(INDEX('Price List'!$I$2:$I$1352,$L28)="","",INDEX('Price List'!$I$2:$I$1352,$L28))) -> 0.024 | J28: =IF($L28="","",INDEX('Price List'!$J$2:$J$1352,$L28)&"") -> Min. P2,000.00/job | K28: =IF($L28="","",INDEX('Price List'!$K$2:$K$1352,$L28)&"") -> Sep 2018 | L28: =IF(18>$H$4,"",MATCH(18,'Price List'!$M$2:$M$1352,0)) -> 18
A29: 19 | B29: =IF($L29="","",INDEX('Price List'!$B$2:$B$1352,$L29)&"") -> Hi-Gloss Lamination, Inc. | C29: =IF($L29="","",INDEX('Price List'!$C$2:$C$1352,$L29)&"") -> Lamination / Finishing Service | D29: =IF($L29="","",INDEX('Price List'!$D$2:$D$1352,$L29)&"") -> Metallized Lamination | E29: =IF($L29="","",INDEX('Price List'!$E$2:$E$1352,$L29)&"") -> Red / Green | F29: =IF($L29="","",INDEX('Price List'!$F$2:$F$1352,$L29)&"") | G29: =IF($L29="","",INDEX('Price List'!$G$2:$G$1352,$L29)&"") -> Width 31" | H29: =IF($L29="","",INDEX('Price List'!$H$2:$H$1352,$L29)&"") -> per sq. inch | I29: =IF($L29="","",IF(INDEX('Price List'!$I$2:$I$1352,$L29)="","",INDEX('Price List'!$I$2:$I$1352,$L29))) -> 0.024 | J29: =IF($L29="","",INDEX('Price List'!$J$2:$J$1352,$L29)&"") -> Min. P2,000.00/job | K29: =IF($L29="","",INDEX('Price List'!$K$2:$K$1352,$L29)&"") -> Sep 2018 | L29: =IF(19>$H$4,"",MATCH(19,'Price List'!$M$2:$M$1352,0)) -> 19
A30: 20 | B30: =IF($L30="","",INDEX('Price List'!$B$2:$B$1352,$L30)&"") -> Hi-Gloss Lamination, Inc. | C30: =IF($L30="","",INDEX('Price List'!$C$2:$C$1352,$L30)&"") -> Lamination / Finishing Service | D30: =IF($L30="","",INDEX('Price List'!$D$2:$D$1352,$L30)&"") -> Spot UV Blanket Charge (glue lap/expiry date) | E30: =IF($L30="","",INDEX('Price List'!$E$2:$E$1352,$L30)&"") -> Small | F30: =IF($L30="","",INDEX('Price List'!$F$2:$F$1352,$L30)&"") | G30: =IF($L30="","",INDEX('Price List'!$G$2:$G$1352,$L30)&"") -> 23" x 28" | H30: =IF($L30="","",INDEX('Price List'!$H$2:$H$1352,$L30)&"") -> per job | I30: =IF($L30="","",IF(INDEX('Price List'!$I$2:$I$1352,$L30)="","",INDEX('Price List'!$I$2:$I$1352,$L30))) -> 1500 | J30: =IF($L30="","",INDEX('Price List'!$J$2:$J$1352,$L30)&"") | K30: =IF($L30="","",INDEX('Price List'!$K$2:$K$1352,$L30)&"") -> Sep 2018 | L30: =IF(20>$H$4,"",MATCH(20,'Price List'!$M$2:$M$1352,0)) -> 20
A31: 21 | B31: =IF($L31="","",INDEX('Price List'!$B$2:$B$1352,$L31)&"") -> Hi-Gloss Lamination, Inc. | C31: =IF($L31="","",INDEX('Price List'!$C$2:$C$1352,$L31)&"") -> Lamination / Finishing Service | D31: =IF($L31="","",INDEX('Price List'!$D$2:$D$1352,$L31)&"") -> Spot UV Blanket Charge (glue lap/expiry date) | E31: =IF($L31="","",INDEX('Price List'!$E$2:$E$1352,$L31)&"") -> Big | F31: =IF($L31="","",INDEX('Price List'!$F$2:$F$1352,$L31)&"") | G31: =IF($L31="","",INDEX('Price List'!$G$2:$G$1352,$L31)&"") -> 34" x 40" | H31: =IF($L31="","",INDEX('Price List'!$H$2:$H$1352,$L31)&"") -> per job | I31: =IF($L31="","",IF(INDEX('Price List'!$I$2:$I$1352,$L31)="","",INDEX('Price List'!$I$2:$I$1352,$L31))) -> 2000 | J31: =IF($L31="","",INDEX('Price List'!$J$2:$J$1352,$L31)&"") | K31: =IF($L31="","",INDEX('Price List'!$K$2:$K$1352,$L31)&"") -> Sep 2018 | L31: =IF(21>$H$4,"",MATCH(21,'Price List'!$M$2:$M$1352,0)) -> 21
A32: 22 | B32: =IF($L32="","",INDEX('Price List'!$B$2:$B$1352,$L32)&"") -> Hi-Gloss Lamination, Inc. | C32: =IF($L32="","",INDEX('Price List'!$C$2:$C$1352,$L32)&"") -> Lamination / Finishing Service | D32: =IF($L32="","",INDEX('Price List'!$D$2:$D$1352,$L32)&"") -> 3D Spot Exposure Charge | E32: =IF($L32="","",INDEX('Price List'!$E$2:$E$1352,$L32)&"") -> Small / medium size | F32: =IF($L32="","",INDEX('Price List'!$F$2:$F$1352,$L32)&"") | G32: =IF($L32="","",INDEX('Price List'!$G$2:$G$1352,$L32)&"") -> below 20" x 28" | H32: =IF($L32="","",INDEX('Price List'!$H$2:$H$1352,$L32)&"") -> per design | I32: =IF($L32="","",IF(INDEX('Price List'!$I$2:$I$1352,$L32)="","",INDEX('Price List'!$I$2:$I$1352,$L32))) -> 800 | J32: =IF($L32="","",INDEX('Price List'!$J$2:$J$1352,$L32)&"") -> Requires positive emulsion up film | K32: =IF($L32="","",INDEX('Price List'!$K$2:$K$1352,$L32)&"") -> Sep 2018 | L32: =IF(22>$H$4,"",MATCH(22,'Price List'!$M$2:$M$1352,0)) -> 22
A33: 23 | B33: =IF($L33="","",INDEX('Price List'!$B$2:$B$1352,$L33)&"") -> Hi-Gloss Lamination, Inc. | C33: =IF($L33="","",INDEX('Price List'!$C$2:$C$1352,$L33)&"") -> Lamination / Finishing Service | D33: =IF($L33="","",INDEX('Price List'!$D$2:$D$1352,$L33)&"") -> 3D Spot Exposure Charge | E33: =IF($L33="","",INDEX('Price List'!$E$2:$E$1352,$L33)&"") -> Large size | F33: =IF($L33="","",INDEX('Price List'!$F$2:$F$1352,$L33)&"") | G33: =IF($L33="","",INDEX('Price List'!$G$2:$G$1352,$L33)&"") -> 20" x 28" and above | H33: =IF($L33="","",INDEX('Price List'!$H$2:$H$1352,$L33)&"") -> per design | I33: =IF($L33="","",IF(INDEX('Price List'!$I$2:$I$1352,$L33)="","",INDEX('Price List'!$I$2:$I$1352,$L33))) -> 1200 | J33: =IF($L33="","",INDEX('Price List'!$J$2:$J$1352,$L33)&"") -> Requires positive emulsion up film | K33: =IF($L33="","",INDEX('Price List'!$K$2:$K$1352,$L33)&"") -> Sep 2018 | L33: =IF(23>$H$4,"",MATCH(23,'Price List'!$M$2:$M$1352,0)) -> 23
A34: 24 | B34: =IF($L34="","",INDEX('Price List'!$B$2:$B$1352,$L34)&"") -> Hi-Gloss Lamination, Inc. | C34: =IF($L34="","",INDEX('Price List'!$C$2:$C$1352,$L34)&"") -> Lamination / Finishing Service | D34: =IF($L34="","",INDEX('Price List'!$D$2:$D$1352,$L34)&"") -> 3D Spot - Digital Jobs | E34: =IF($L34="","",INDEX('Price List'!$E$2:$E$1352,$L34)&"") -> Minimum charge | F34: =IF($L34="","",INDEX('Price List'!$F$2:$F$1352,$L34)&"") | G34: =IF($L34="","",INDEX('Price List'!$G$2:$G$1352,$L34)&"") | H34: =IF($L34="","",INDEX('Price List'!$H$2:$H$1352,$L34)&"") -> per job | I34: =IF($L34="","",IF(INDEX('Price List'!$I$2:$I$1352,$L34)="","",INDEX('Price List'!$I$2:$I$1352,$L34))) -> 1500 | J34: =IF($L34="","",INDEX('Price List'!$J$2:$J$1352,$L34)&"") | K34: =IF($L34="","",INDEX('Price List'!$K$2:$K$1352,$L34)&"") -> Sep 2018 | L34: =IF(24>$H$4,"",MATCH(24,'Price List'!$M$2:$M$1352,0)) -> 24
A35: 25 | B35: =IF($L35="","",INDEX('Price List'!$B$2:$B$1352,$L35)&"") -> Commerce Asia, Inc. | C35: =IF($L35="","",INDEX('Price List'!$C$2:$C$1352,$L35)&"") -> Lamination Film | D35: =IF($L35="","",INDEX('Price List'!$D$2:$D$1352,$L35)&"") -> Thermal OPP Film (for offset) | E35: =IF($L35="","",INDEX('Price List'!$E$2:$E$1352,$L35)&"") -> Glossy/25, 58mm core | F35: =IF($L35="","",INDEX('Price List'!$F$2:$F$1352,$L35)&"") -> 23110-0305-1000-58 | G35: =IF($L35="","",INDEX('Price List'!$G$2:$G$1352,$L35)&"") -> 305mm (12 in) x 1000M | H35: =IF($L35="","",INDEX('Price List'!$H$2:$H$1352,$L35)&"") -> roll | I35: =IF($L35="","",IF(INDEX('Price List'!$I$2:$I$1352,$L35)="","",INDEX('Price List'!$I$2:$I$1352,$L35))) -> 2716 | J35: =IF($L35="","",INDEX('Price List'!$J$2:$J$1352,$L35)&"") -> SRP P4,850.00 less 44% discount | K35: =IF($L35="","",INDEX('Price List'!$K$2:$K$1352,$L35)&"") -> Jul 20, 2026 | L35: =IF(25>$H$4,"",MATCH(25,'Price List'!$M$2:$M$1352,0)) -> 25
A36: 26 | B36: =IF($L36="","",INDEX('Price List'!$B$2:$B$1352,$L36)&"") -> Commerce Asia, Inc. | C36: =IF($L36="","",INDEX('Price List'!$C$2:$C$1352,$L36)&"") -> Lamination Film | D36: =IF($L36="","",INDEX('Price List'!$D$2:$D$1352,$L36)&"") -> Thermal OPP Film (for offset) | E36: =IF($L36="","",INDEX('Price List'!$E$2:$E$1352,$L36)&"") -> Glossy/25, 58mm core | F36: =IF($L36="","",INDEX('Price List'!$F$2:$F$1352,$L36)&"") -> 23110-0320-1000-58 | G36: =IF($L36="","",INDEX('Price List'!$G$2:$G$1352,$L36)&"") -> 320mm (12.6 in) x 1000M | H36: =IF($L36="","",INDEX('Price List'!$H$2:$H$1352,$L36)&"") -> roll | I36: =IF($L36="","",IF(INDEX('Price List'!$I$2:$I$1352,$L36)="","",INDEX('Price List'!$I$2:$I$1352,$L36))) -> 2861.6 | J36: =IF($L36="","",INDEX('Price List'!$J$2:$J$1352,$L36)&"") -> SRP P5,110.00 less 44% discount | K36: =IF($L36="","",INDEX('Price List'!$K$2:$K$1352,$L36)&"") -> Jul 20, 2026 | L36: =IF(26>$H$4,"",MATCH(26,'Price List'!$M$2:$M$1352,0)) -> 26
A37: 27 | B37: =IF($L37="","",INDEX('Price List'!$B$2:$B$1352,$L37)&"") -> Commerce Asia, Inc. | C37: =IF($L37="","",INDEX('Price List'!$C$2:$C$1352,$L37)&"") -> Lamination Film | D37: =IF($L37="","",INDEX('Price List'!$D$2:$D$1352,$L37)&"") -> Thermal OPP Film (for offset) | E37: =IF($L37="","",INDEX('Price List'!$E$2:$E$1352,$L37)&"") -> Glossy/25, 58mm core | F37: =IF($L37="","",INDEX('Price List'!$F$2:$F$1352,$L37)&"") -> 23110-0330-1000-58 | G37: =IF($L37="","",INDEX('Price List'!$G$2:$G$1352,$L37)&"") -> 330mm (13 in) x 1000M | H37: =IF($L37="","",INDEX('Price List'!$H$2:$H$1352,$L37)&"") -> roll | I37: =IF($L37="","",IF(INDEX('Price List'!$I$2:$I$1352,$L37)="","",INDEX('Price List'!$I$2:$I$1352,$L37))) -> 2940 | J37: =IF($L37="","",INDEX('Price List'!$J$2:$J$1352,$L37)&"") -> SRP P5,250.00 less 44% discount | K37: =IF($L37="","",INDEX('Price List'!$K$2:$K$1352,$L37)&"") -> Jul 20, 2026 | L37: =IF(27>$H$4,"",MATCH(27,'Price List'!$M$2:$M$1352,0)) -> 27
A38: 28 | B38: =IF($L38="","",INDEX('Price List'!$B$2:$B$1352,$L38)&"") -> Commerce Asia, Inc. | C38: =IF($L38="","",INDEX('Price List'!$C$2:$C$1352,$L38)&"") -> Lamination Film | D38: =IF($L38="","",INDEX('Price List'!$D$2:$D$1352,$L38)&"") -> Thermal OPP Film (for offset) | E38: =IF($L38="","",INDEX('Price List'!$E$2:$E$1352,$L38)&"") -> Glossy/25, 58mm core | F38: =IF($L38="","",INDEX('Price List'!$F$2:$F$1352,$L38)&"") -> 23110-0360-1000-58 | G38: =IF($L38="","",INDEX('Price List'!$G$2:$G$1352,$L38)&"") -> 360mm (14.17 in) x 1000M | H38: =IF($L38="","",INDEX('Price List'!$H$2:$H$1352,$L38)&"") -> roll | I38: =IF($L38="","",IF(INDEX('Price List'!$I$2:$I$1352,$L38)="","",INDEX('Price List'!$I$2:$I$1352,$L38))) -> 3203.2 | J38: =IF($L38="","",INDEX('Price List'!$J$2:$J$1352,$L38)&"") -> SRP P5,720.00 less 44% discount | K38: =IF($L38="","",INDEX('Price List'!$K$2:$K$1352,$L38)&"") -> Jul 20, 2026 | L38: =IF(28>$H$4,"",MATCH(28,'Price List'!$M$2:$M$1352,0)) -> 28
A39: 29 | B39: =IF($L39="","",INDEX('Price List'!$B$2:$B$1352,$L39)&"") -> Commerce Asia, Inc. | C39: =IF($L39="","",INDEX('Price List'!$C$2:$C$1352,$L39)&"") -> Lamination Film | D39: =IF($L39="","",INDEX('Price List'!$D$2:$D$1352,$L39)&"") -> Thermal OPP Film (for offset) | E39: =IF($L39="","",INDEX('Price List'!$E$2:$E$1352,$L39)&"") -> Glossy/25, 58mm core | F39: =IF($L39="","",INDEX('Price List'!$F$2:$F$1352,$L39)&"") -> 23110-0385-1000-58 | G39: =IF($L39="","",INDEX('Price List'!$G$2:$G$1352,$L39)&"") -> 385mm (15.16 in) x 1000M | H39: =IF($L39="","",INDEX('Price List'!$H$2:$H$1352,$L39)&"") -> roll | I39: =IF($L39="","",IF(INDEX('Price List'!$I$2:$I$1352,$L39)="","",INDEX('Price List'!$I$2:$I$1352,$L39))) -> 3444 | J39: =IF($L39="","",INDEX('Price List'!$J$2:$J$1352,$L39)&"") -> SRP P6,150.00 less 44% discount | K39: =IF($L39="","",INDEX('Price List'!$K$2:$K$1352,$L39)&"") -> Jul 20, 2026 | L39: =IF(29>$H$4,"",MATCH(29,'Price List'!$M$2:$M$1352,0)) -> 29
A40: 30 | B40: =IF($L40="","",INDEX('Price List'!$B$2:$B$1352,$L40)&"") -> Commerce Asia, Inc. | C40: =IF($L40="","",INDEX('Price List'!$C$2:$C$1352,$L40)&"") -> Lamination Film | D40: =IF($L40="","",INDEX('Price List'!$D$2:$D$1352,$L40)&"") -> Thermal OPP Film (for offset) | E40: =IF($L40="","",INDEX('Price List'!$E$2:$E$1352,$L40)&"") -> Glossy/25, 58mm core | F40: =IF($L40="","",INDEX('Price List'!$F$2:$F$1352,$L40)&"") -> 23110-0410-1000-58 | G40: =IF($L40="","",INDEX('Price List'!$G$2:$G$1352,$L40)&"") -> 410mm (16.14 in) x 1000M | H40: =IF($L40="","",INDEX('Price List'!$H$2:$H$1352,$L40)&"") -> roll | I40: =IF($L40="","",IF(INDEX('Price List'!$I$2:$I$1352,$L40)="","",INDEX('Price List'!$I$2:$I$1352,$L40))) -> 3651.2 | J40: =IF($L40="","",INDEX('Price List'!$J$2:$J$1352,$L40)&"") -> SRP P6,520.00 less 44% discount | K40: =IF($L40="","",INDEX('Price List'!$K$2:$K$1352,$L40)&"") -> Jul 20, 2026 | L40: =IF(30>$H$4,"",MATCH(30,'Price List'!$M$2:$M$1352,0)) -> 30
A41: 31 | B41: =IF($L41="","",INDEX('Price List'!$B$2:$B$1352,$L41)&"") -> Commerce Asia, Inc. | C41: =IF($L41="","",INDEX('Price List'!$C$2:$C$1352,$L41)&"") -> Lamination Film | D41: =IF($L41="","",INDEX('Price List'!$D$2:$D$1352,$L41)&"") -> Thermal OPP Film (for offset) | E41: =IF($L41="","",INDEX('Price List'!$E$2:$E$1352,$L41)&"") -> Glossy/25, 58mm core | F41: =IF($L41="","",INDEX('Price List'!$F$2:$F$1352,$L41)&"") -> 23110-0432-1000-58 | G41: =IF($L41="","",INDEX('Price List'!$G$2:$G$1352,$L41)&"") -> 432mm (17 in) x 1000M | H41: =IF($L41="","",INDEX('Price List'!$H$2:$H$1352,$L41)&"") -> roll | I41: =IF($L41="","",IF(INDEX('Price List'!$I$2:$I$1352,$L41)="","",INDEX('Price List'!$I$2:$I$1352,$L41))) -> 3864 | J41: =IF($L41="","",INDEX('Price List'!$J$2:$J$1352,$L41)&"") -> SRP P6,900.00 less 44% discount | K41: =IF($L41="","",INDEX('Price List'!$K$2:$K$1352,$L41)&"") -> Jul 20, 2026 | L41: =IF(31>$H$4,"",MATCH(31,'Price List'!$M$2:$M$1352,0)) -> 31
A42: 32 | B42: =IF($L42="","",INDEX('Price List'!$B$2:$B$1352,$L42)&"") -> Commerce Asia, Inc. | C42: =IF($L42="","",INDEX('Price List'!$C$2:$C$1352,$L42)&"") -> Lamination Film | D42: =IF($L42="","",INDEX('Price List'!$D$2:$D$1352,$L42)&"") -> Thermal OPP Film (for offset) | E42: =IF($L42="","",INDEX('Price List'!$E$2:$E$1352,$L42)&"") -> Glossy/25, 58mm core | F42: =IF($L42="","",INDEX('Price List'!$F$2:$F$1352,$L42)&"") -> 23110-0460-1000-58 | G42: =IF($L42="","",INDEX('Price List'!$G$2:$G$1352,$L42)&"") -> 460mm (18.11 in) x 1000M | H42: =IF($L42="","",INDEX('Price List'!$H$2:$H$1352,$L42)&"") -> roll | I42: =IF($L42="","",IF(INDEX('Price List'!$I$2:$I$1352,$L42)="","",INDEX('Price List'!$I$2:$I$1352,$L42))) -> 4088 | J42: =IF($L42="","",INDEX('Price List'!$J$2:$J$1352,$L42)&"") -> SRP P7,300.00 less 44% discount | K42: =IF($L42="","",INDEX('Price List'!$K$2:$K$1352,$L42)&"") -> Jul 20, 2026 | L42: =IF(32>$H$4,"",MATCH(32,'Price List'!$M$2:$M$1352,0)) -> 32
A43: 33 | B43: =IF($L43="","",INDEX('Price List'!$B$2:$B$1352,$L43)&"") -> Commerce Asia, Inc. | C43: =IF($L43="","",INDEX('Price List'!$C$2:$C$1352,$L43)&"") -> Lamination Film | D43: =IF($L43="","",INDEX('Price List'!$D$2:$D$1352,$L43)&"") -> Thermal OPP Film (for offset) | E43: =IF($L43="","",INDEX('Price List'!$E$2:$E$1352,$L43)&"") -> Glossy/25, 58mm core | F43: =IF($L43="","",INDEX('Price List'!$F$2:$F$1352,$L43)&"") -> 23110-0485-1000-58 | G43: =IF($L43="","",INDEX('Price List'!$G$2:$G$1352,$L43)&"") -> 485mm (19.09 in) x 1000M | H43: =IF($L43="","",INDEX('Price List'!$H$2:$H$1352,$L43)&"") -> roll | I43: =IF($L43="","",IF(INDEX('Price List'!$I$2:$I$1352,$L43)="","",INDEX('Price List'!$I$2:$I$1352,$L43))) -> 4340 | J43: =IF($L43="","",INDEX('Price List'!$J$2:$J$1352,$L43)&"") -> SRP P7,750.00 less 44% discount | K43: =IF($L43="","",INDEX('Price List'!$K$2:$K$1352,$L43)&"") -> Jul 20, 2026 | L43: =IF(33>$H$4,"",MATCH(33,'Price List'!$M$2:$M$1352,0)) -> 33
A44: 34 | B44: =IF($L44="","",INDEX('Price List'!$B$2:$B$1352,$L44)&"") -> Commerce Asia, Inc. | C44: =IF($L44="","",INDEX('Price List'!$C$2:$C$1352,$L44)&"") -> Lamination Film | D44: =IF($L44="","",INDEX('Price List'!$D$2:$D$1352,$L44)&"") -> Thermal OPP Film (for offset) | E44: =IF($L44="","",INDEX('Price List'!$E$2:$E$1352,$L44)&"") -> Glossy/25, 58mm core | F44: =IF($L44="","",INDEX('Price List'!$F$2:$F$1352,$L44)&"") -> 23110-0635-1000-58 | G44: =IF($L44="","",INDEX('Price List'!$G$2:$G$1352,$L44)&"") -> 635mm (25 in) x 1000M | H44: =IF($L44="","",INDEX('Price List'!$H$2:$H$1352,$L44)&"") -> roll | I44: =IF($L44="","",IF(INDEX('Price List'!$I$2:$I$1352,$L44)="","",INDEX('Price List'!$I$2:$I$1352,$L44))) -> 5656 | J44: =IF($L44="","",INDEX('Price List'!$J$2:$J$1352,$L44)&"") -> SRP P10,100.00 less 44% discount | K44: =IF($L44="","",INDEX('Price List'!$K$2:$K$1352,$L44)&"") -> Jul 20, 2026 | L44: =IF(34>$H$4,"",MATCH(34,'Price List'!$M$2:$M$1352,0)) -> 34
A45: 35 | B45: =IF($L45="","",INDEX('Price List'!$B$2:$B$1352,$L45)&"") -> Commerce Asia, Inc. | C45: =IF($L45="","",INDEX('Price List'!$C$2:$C$1352,$L45)&"") -> Lamination Film | D45: =IF($L45="","",INDEX('Price List'!$D$2:$D$1352,$L45)&"") -> Thermal OPP Film (for offset) | E45: =IF($L45="","",INDEX('Price List'!$E$2:$E$1352,$L45)&"") -> Matt/28, 58mm core | F45: =IF($L45="","",INDEX('Price List'!$F$2:$F$1352,$L45)&"") -> 23111-0305-1000-58 | G45: =IF($L45="","",INDEX('Price List'!$G$2:$G$1352,$L45)&"") -> 305mm (12 in) x 1000M | H45: =IF($L45="","",INDEX('Price List'!$H$2:$H$1352,$L45)&"") -> roll | I45: =IF($L45="","",IF(INDEX('Price List'!$I$2:$I$1352,$L45)="","",INDEX('Price List'!$I$2:$I$1352,$L45))) -> 3528 | J45: =IF($L45="","",INDEX('Price List'!$J$2:$J$1352,$L45)&"") -> SRP P6,300.00 less 44% discount | K45: =IF($L45="","",INDEX('Price List'!$K$2:$K$1352,$L45)&"") -> Jul 20, 2026 | L45: =IF(35>$H$4,"",MATCH(35,'Price List'!$M$2:$M$1352,0)) -> 35
A46: 36 | B46: =IF($L46="","",INDEX('Price List'!$B$2:$B$1352,$L46)&"") -> Commerce Asia, Inc. | C46: =IF($L46="","",INDEX('Price List'!$C$2:$C$1352,$L46)&"") -> Lamination Film | D46: =IF($L46="","",INDEX('Price List'!$D$2:$D$1352,$L46)&"") -> Thermal OPP Film (for offset) | E46: =IF($L46="","",INDEX('Price List'!$E$2:$E$1352,$L46)&"") -> Matt/28, 58mm core | F46: =IF($L46="","",INDEX('Price List'!$F$2:$F$1352,$L46)&"") -> 23111-0320-1000-58 | G46: =IF($L46="","",INDEX('Price List'!$G$2:$G$1352,$L46)&"") -> 320mm (12.6 in) x 1000M | H46: =IF($L46="","",INDEX('Price List'!$H$2:$H$1352,$L46)&"") -> roll | I46: =IF($L46="","",IF(INDEX('Price List'!$I$2:$I$1352,$L46)="","",INDEX('Price List'!$I$2:$I$1352,$L46))) -> 3690.4 | J46: =IF($L46="","",INDEX('Price List'!$J$2:$J$1352,$L46)&"") -> SRP P6,590.00 less 44% discount | K46: =IF($L46="","",INDEX('Price List'!$K$2:$K$1352,$L46)&"") -> Jul 20, 2026 | L46: =IF(36>$H$4,"",MATCH(36,'Price List'!$M$2:$M$1352,0)) -> 36
A47: 37 | B47: =IF($L47="","",INDEX('Price List'!$B$2:$B$1352,$L47)&"") -> Commerce Asia, Inc. | C47: =IF($L47="","",INDEX('Price List'!$C$2:$C$1352,$L47)&"") -> Lamination Film | D47: =IF($L47="","",INDEX('Price List'!$D$2:$D$1352,$L47)&"") -> Thermal OPP Film (for offset) | E47: =IF($L47="","",INDEX('Price List'!$E$2:$E$1352,$L47)&"") -> Matt/28, 58mm core | F47: =IF($L47="","",INDEX('Price List'!$F$2:$F$1352,$L47)&"") -> 23111-0330-1000-58 | G47: =IF($L47="","",INDEX('Price List'!$G$2:$G$1352,$L47)&"") -> 330mm (13 in) x 1000M | H47: =IF($L47="","",INDEX('Price List'!$H$2:$H$1352,$L47)&"") -> roll | I47: =IF($L47="","",IF(INDEX('Price List'!$I$2:$I$1352,$L47)="","",INDEX('Price List'!$I$2:$I$1352,$L47))) -> 3780 | J47: =IF($L47="","",INDEX('Price List'!$J$2:$J$1352,$L47)&"") -> SRP P6,750.00 less 44% discount | K47: =IF($L47="","",INDEX('Price List'!$K$2:$K$1352,$L47)&"") -> Jul 20, 2026 | L47: =IF(37>$H$4,"",MATCH(37,'Price List'!$M$2:$M$1352,0)) -> 37
A48: 38 | B48: =IF($L48="","",INDEX('Price List'!$B$2:$B$1352,$L48)&"") -> Commerce Asia, Inc. | C48: =IF($L48="","",INDEX('Price List'!$C$2:$C$1352,$L48)&"") -> Lamination Film | D48: =IF($L48="","",INDEX('Price List'!$D$2:$D$1352,$L48)&"") -> Thermal OPP Film (for offset) | E48: =IF($L48="","",INDEX('Price List'!$E$2:$E$1352,$L48)&"") -> Matt/28, 58mm core | F48: =IF($L48="","",INDEX('Price List'!$F$2:$F$1352,$L48)&"") -> 23111-0385-1000-58 | G48: =IF($L48="","",INDEX('Price List'!$G$2:$G$1352,$L48)&"") -> 385mm (15.16 in) x 1000M | H48: =IF($L48="","",INDEX('Price List'!$H$2:$H$1352,$L48)&"") -> roll | I48: =IF($L48="","",IF(INDEX('Price List'!$I$2:$I$1352,$L48)="","",INDEX('Price List'!$I$2:$I$1352,$L48))) -> 4452 | J48: =IF($L48="","",INDEX('Price List'!$J$2:$J$1352,$L48)&"") -> SRP P7,950.00 less 44% discount | K48: =IF($L48="","",INDEX('Price List'!$K$2:$K$1352,$L48)&"") -> Jul 20, 2026 | L48: =IF(38>$H$4,"",MATCH(38,'Price List'!$M$2:$M$1352,0)) -> 38
A49: 39 | B49: =IF($L49="","",INDEX('Price List'!$B$2:$B$1352,$L49)&"") -> Commerce Asia, Inc. | C49: =IF($L49="","",INDEX('Price List'!$C$2:$C$1352,$L49)&"") -> Lamination Film | D49: =IF($L49="","",INDEX('Price List'!$D$2:$D$1352,$L49)&"") -> Thermal OPP Film (for offset) | E49: =IF($L49="","",INDEX('Price List'!$E$2:$E$1352,$L49)&"") -> Matt/28, 58mm core | F49: =IF($L49="","",INDEX('Price List'!$F$2:$F$1352,$L49)&"") -> 23111-0460-1000-58 | G49: =IF($L49="","",INDEX('Price List'!$G$2:$G$1352,$L49)&"") -> 460mm (18.11 in) x 1000M | H49: =IF($L49="","",INDEX('Price List'!$H$2:$H$1352,$L49)&"") -> roll | I49: =IF($L49="","",IF(INDEX('Price List'!$I$2:$I$1352,$L49)="","",INDEX('Price List'!$I$2:$I$1352,$L49))) -> 5320 | J49: =IF($L49="","",INDEX('Price List'!$J$2:$J$1352,$L49)&"") -> SRP P9,500.00 less 44% discount | K49: =IF($L49="","",INDEX('Price List'!$K$2:$K$1352,$L49)&"") -> Jul 20, 2026 | L49: =IF(39>$H$4,"",MATCH(39,'Price List'!$M$2:$M$1352,0)) -> 39
A50: 40 | B50: =IF($L50="","",INDEX('Price List'!$B$2:$B$1352,$L50)&"") -> Commerce Asia, Inc. | C50: =IF($L50="","",INDEX('Price List'!$C$2:$C$1352,$L50)&"") -> Lamination Film | D50: =IF($L50="","",INDEX('Price List'!$D$2:$D$1352,$L50)&"") -> Thermal OPP Film (for offset) | E50: =IF($L50="","",INDEX('Price List'!$E$2:$E$1352,$L50)&"") -> Matt/28, 58mm core | F50: =IF($L50="","",INDEX('Price List'!$F$2:$F$1352,$L50)&"") -> 23111-0485-1000-58 | G50: =IF($L50="","",INDEX('Price List'!$G$2:$G$1352,$L50)&"") -> 485mm (19.09 in) x 1000M | H50: =IF($L50="","",INDEX('Price List'!$H$2:$H$1352,$L50)&"") -> roll | I50: =IF($L50="","",IF(INDEX('Price List'!$I$2:$I$1352,$L50)="","",INDEX('Price List'!$I$2:$I$1352,$L50))) -> 5628 | J50: =IF($L50="","",INDEX('Price List'!$J$2:$J$1352,$L50)&"") -> SRP P10,050.00 less 44% discount | K50: =IF($L50="","",INDEX('Price List'!$K$2:$K$1352,$L50)&"") -> Jul 20, 2026 | L50: =IF(40>$H$4,"",MATCH(40,'Price List'!$M$2:$M$1352,0)) -> 40
A51: 41 | B51: =IF($L51="","",INDEX('Price List'!$B$2:$B$1352,$L51)&"") -> Commerce Asia, Inc. | C51: =IF($L51="","",INDEX('Price List'!$C$2:$C$1352,$L51)&"") -> Lamination Film | D51: =IF($L51="","",INDEX('Price List'!$D$2:$D$1352,$L51)&"") -> Thermal OPP Film (for offset) | E51: =IF($L51="","",INDEX('Price List'!$E$2:$E$1352,$L51)&"") -> Matt/28, 58mm core | F51: =IF($L51="","",INDEX('Price List'!$F$2:$F$1352,$L51)&"") -> 23111-0635-1000-58 | G51: =IF($L51="","",INDEX('Price List'!$G$2:$G$1352,$L51)&"") -> 635mm (25 in) x 1000M | H51: =IF($L51="","",INDEX('Price List'!$H$2:$H$1352,$L51)&"") -> roll | I51: =IF($L51="","",IF(INDEX('Price List'!$I$2:$I$1352,$L51)="","",INDEX('Price List'!$I$2:$I$1352,$L51))) -> 7280 | J51: =IF($L51="","",INDEX('Price List'!$J$2:$J$1352,$L51)&"") -> SRP P13,000.00 less 44% discount | K51: =IF($L51="","",INDEX('Price List'!$K$2:$K$1352,$L51)&"") -> Jul 20, 2026 | L51: =IF(41>$H$4,"",MATCH(41,'Price List'!$M$2:$M$1352,0)) -> 41
A52: 42 | B52: =IF($L52="","",INDEX('Price List'!$B$2:$B$1352,$L52)&"") -> Commerce Asia, Inc. | C52: =IF($L52="","",INDEX('Price List'!$C$2:$C$1352,$L52)&"") -> Lamination Film | D52: =IF($L52="","",INDEX('Price List'!$D$2:$D$1352,$L52)&"") -> Tigerbond Film (for digital) | E52: =IF($L52="","",INDEX('Price List'!$E$2:$E$1352,$L52)&"") -> Polynex Tigerbond PT Glossy/40 | F52: =IF($L52="","",INDEX('Price List'!$F$2:$F$1352,$L52)&"") -> 23010-0330-1000-58-VT | G52: =IF($L52="","",INDEX('Price List'!$G$2:$G$1352,$L52)&"") -> 330mm (13 in) x 1000M | H52: =IF($L52="","",INDEX('Price List'!$H$2:$H$1352,$L52)&"") -> roll | I52: =IF($L52="","",IF(INDEX('Price List'!$I$2:$I$1352,$L52)="","",INDEX('Price List'!$I$2:$I$1352,$L52))) -> 10906.93 | J52: =IF($L52="","",INDEX('Price List'!$J$2:$J$1352,$L52)&"") -> SRP P16,279.00 less 33% discount | K52: =IF($L52="","",INDEX('Price List'!$K$2:$K$1352,$L52)&"") -> Jul 20, 2026 | L52: =IF(42>$H$4,"",MATCH(42,'Price List'!$M$2:$M$1352,0)) -> 42
A53: 43 | B53: =IF($L53="","",INDEX('Price List'!$B$2:$B$1352,$L53)&"") -> Commerce Asia, Inc. | C53: =IF($L53="","",INDEX('Price List'!$C$2:$C$1352,$L53)&"") -> Lamination Film | D53: =IF($L53="","",INDEX('Price List'!$D$2:$D$1352,$L53)&"") -> Tigerbond Film (for digital) | E53: =IF($L53="","",INDEX('Price List'!$E$2:$E$1352,$L53)&"") -> Polynex Tigerbond PT Glossy/40 | F53: =IF($L53="","",INDEX('Price List'!$F$2:$F$1352,$L53)&"") -> 23010-0457-1000-58-VT | G53: =IF($L53="","",INDEX('Price List'!$G$2:$G$1352,$L53)&"") -> 457mm (18 in) x 1000M | H53: =IF($L53="","",INDEX('Price List'!$H$2:$H$1352,$L53)&"") -> roll | I53: =IF($L53="","",IF(INDEX('Price List'!$I$2:$I$1352,$L53)="","",INDEX('Price List'!$I$2:$I$1352,$L53))) -> 14951.72 | J53: =IF($L53="","",INDEX('Price List'!$J$2:$J$1352,$L53)&"") -> SRP P22,316.00 less 33% discount | K53: =IF($L53="","",INDEX('Price List'!$K$2:$K$1352,$L53)&"") -> Jul 20, 2026 | L53: =IF(43>$H$4,"",MATCH(43,'Price List'!$M$2:$M$1352,0)) -> 43
A54: 44 | B54: =IF($L54="","",INDEX('Price List'!$B$2:$B$1352,$L54)&"") -> Commerce Asia, Inc. | C54: =IF($L54="","",INDEX('Price List'!$C$2:$C$1352,$L54)&"") -> Lamination Film | D54: =IF($L54="","",INDEX('Price List'!$D$2:$D$1352,$L54)&"") -> Tigerbond Film (for digital) | E54: =IF($L54="","",INDEX('Price List'!$E$2:$E$1352,$L54)&"") -> Polynex Tigerbond PT Glossy/40 | F54: =IF($L54="","",INDEX('Price List'!$F$2:$F$1352,$L54)&"") -> 23010-0483-1000-58-VT | G54: =IF($L54="","",INDEX('Price List'!$G$2:$G$1352,$L54)&"") -> 483mm (19 in) x 1000M | H54: =IF($L54="","",INDEX('Price List'!$H$2:$H$1352,$L54)&"") -> roll | I54: =IF($L54="","",IF(INDEX('Price List'!$I$2:$I$1352,$L54)="","",INDEX('Price List'!$I$2:$I$1352,$L54))) -> 15803.96 | J54: =IF($L54="","",INDEX('Price List'!$J$2:$J$1352,$L54)&"") -> SRP P23,588.00 less 33% discount | K54: =IF($L54="","",INDEX('Price List'!$K$2:$K$1352,$L54)&"") -> Jul 20, 2026 | L54: =IF(44>$H$4,"",MATCH(44,'Price List'!$M$2:$M$1352,0)) -> 44
A55: 45 | B55: =IF($L55="","",INDEX('Price List'!$B$2:$B$1352,$L55)&"") -> Commerce Asia, Inc. | C55: =IF($L55="","",INDEX('Price List'!$C$2:$C$1352,$L55)&"") -> Lamination Film | D55: =IF($L55="","",INDEX('Price List'!$D$2:$D$1352,$L55)&"") -> Tigerbond Film (for digital) | E55: =IF($L55="","",INDEX('Price List'!$E$2:$E$1352,$L55)&"") -> Polynex Tigerbond PT Matt/40 | F55: =IF($L55="","",INDEX('Price List'!$F$2:$F$1352,$L55)&"") -> 23011-0330-1000-58-VT | G55: =IF($L55="","",INDEX('Price List'!$G$2:$G$1352,$L55)&"") -> 330mm (13 in) x 1000M | H55: =IF($L55="","",INDEX('Price List'!$H$2:$H$1352,$L55)&"") -> roll | I55: =IF($L55="","",IF(INDEX('Price List'!$I$2:$I$1352,$L55)="","",INDEX('Price List'!$I$2:$I$1352,$L55))) -> 12015.11 | J55: =IF($L55="","",INDEX('Price List'!$J$2:$J$1352,$L55)&"") -> SRP P17,933.00 less 33% discount | K55: =IF($L55="","",INDEX('Price List'!$K$2:$K$1352,$L55)&"") -> Jul 20, 2026 | L55: =IF(45>$H$4,"",MATCH(45,'Price List'!$M$2:$M$1352,0)) -> 45
A56: 46 | B56: =IF($L56="","",INDEX('Price List'!$B$2:$B$1352,$L56)&"") -> Commerce Asia, Inc. | C56: =IF($L56="","",INDEX('Price List'!$C$2:$C$1352,$L56)&"") -> Lamination Film | D56: =IF($L56="","",INDEX('Price List'!$D$2:$D$1352,$L56)&"") -> Tigerbond Film (for digital) | E56: =IF($L56="","",INDEX('Price List'!$E$2:$E$1352,$L56)&"") -> Polynex Tigerbond PT Matt/40 | F56: =IF($L56="","",INDEX('Price List'!$F$2:$F$1352,$L56)&"") -> 23011-0457-1000-58-VT | G56: =IF($L56="","",INDEX('Price List'!$G$2:$G$1352,$L56)&"") -> 457mm (18 in) x 1000M | H56: =IF($L56="","",INDEX('Price List'!$H$2:$H$1352,$L56)&"") -> roll | I56: =IF($L56="","",IF(INDEX('Price List'!$I$2:$I$1352,$L56)="","",INDEX('Price List'!$I$2:$I$1352,$L56))) -> 16639.45 | J56: =IF($L56="","",INDEX('Price List'!$J$2:$J$1352,$L56)&"") -> SRP P24,835.00 less 33% discount | K56: =IF($L56="","",INDEX('Price List'!$K$2:$K$1352,$L56)&"") -> Jul 20, 2026 | L56: =IF(46>$H$4,"",MATCH(46,'Price List'!$M$2:$M$1352,0)) -> 46
A57: 47 | B57: =IF($L57="","",INDEX('Price List'!$B$2:$B$1352,$L57)&"") -> Commerce Asia, Inc. | C57: =IF($L57="","",INDEX('Price List'!$C$2:$C$1352,$L57)&"") -> Lamination Film | D57: =IF($L57="","",INDEX('Price List'!$D$2:$D$1352,$L57)&"") -> Tigerbond Film (for digital) | E57: =IF($L57="","",INDEX('Price List'!$E$2:$E$1352,$L57)&"") -> Polynex Tigerbond PT Matt/40 | F57: =IF($L57="","",INDEX('Price List'!$F$2:$F$1352,$L57)&"") -> 23011-0483-1000-58-VT | G57: =IF($L57="","",INDEX('Price List'!$G$2:$G$1352,$L57)&"") -> 483mm (19 in) x 1000M | H57: =IF($L57="","",INDEX('Price List'!$H$2:$H$1352,$L57)&"") -> roll | I57: =IF($L57="","",IF(INDEX('Price List'!$I$2:$I$1352,$L57)="","",INDEX('Price List'!$I$2:$I$1352,$L57))) -> 17586.16 | J57: =IF($L57="","",INDEX('Price List'!$J$2:$J$1352,$L57)&"") -> SRP P26,248.00 less 33% discount | K57: =IF($L57="","",INDEX('Price List'!$K$2:$K$1352,$L57)&"") -> Jul 20, 2026 | L57: =IF(47>$H$4,"",MATCH(47,'Price List'!$M$2:$M$1352,0)) -> 47
A58: 48 | B58: =IF($L58="","",INDEX('Price List'!$B$2:$B$1352,$L58)&"") -> Commerce Asia, Inc. | C58: =IF($L58="","",INDEX('Price List'!$C$2:$C$1352,$L58)&"") -> Lamination Film | D58: =IF($L58="","",INDEX('Price List'!$D$2:$D$1352,$L58)&"") -> Thermal PET Film (offset & digital) | E58: =IF($L58="","",INDEX('Price List'!$E$2:$E$1352,$L58)&"") -> Glossy/32-G, 58mm core | F58: =IF($L58="","",INDEX('Price List'!$F$2:$F$1352,$L58)&"") -> 21003-0330-150-G58 | G58: =IF($L58="","",INDEX('Price List'!$G$2:$G$1352,$L58)&"") -> 330mm (13 in) x 150M | H58: =IF($L58="","",INDEX('Price List'!$H$2:$H$1352,$L58)&"") -> roll | I58: =IF($L58="","",IF(INDEX('Price List'!$I$2:$I$1352,$L58)="","",INDEX('Price List'!$I$2:$I$1352,$L58))) -> 1185 | J58: =IF($L58="","",INDEX('Price List'!$J$2:$J$1352,$L58)&"") -> SRP P1,580.00 less 25% discount | K58: =IF($L58="","",INDEX('Price List'!$K$2:$K$1352,$L58)&"") -> Jul 20, 2026 | L58: =IF(48>$H$4,"",MATCH(48,'Price List'!$M$2:$M$1352,0)) -> 48
A59: 49 | B59: =IF($L59="","",INDEX('Price List'!$B$2:$B$1352,$L59)&"") -> Commerce Asia, Inc. | C59: =IF($L59="","",INDEX('Price List'!$C$2:$C$1352,$L59)&"") -> Lamination Film | D59: =IF($L59="","",INDEX('Price List'!$D$2:$D$1352,$L59)&"") -> Thermal PET Film (offset & digital) | E59: =IF($L59="","",INDEX('Price List'!$E$2:$E$1352,$L59)&"") -> Glossy/32-G, 58mm core | F59: =IF($L59="","",INDEX('Price List'!$F$2:$F$1352,$L59)&"") -> 21003-0457-150-G58 | G59: =IF($L59="","",INDEX('Price List'!$G$2:$G$1352,$L59)&"") -> 457mm (18 in) x 150M | H59: =IF($L59="","",INDEX('Price List'!$H$2:$H$1352,$L59)&"") -> roll | I59: =IF($L59="","",IF(INDEX('Price List'!$I$2:$I$1352,$L59)="","",INDEX('Price List'!$I$2:$I$1352,$L59))) -> 1642.5 | J59: =IF($L59="","",INDEX('Price List'!$J$2:$J$1352,$L59)&"") -> SRP P2,190.00 less 25% discount | K59: =IF($L59="","",INDEX('Price List'!$K$2:$K$1352,$L59)&"") -> Jul 20, 2026 | L59: =IF(49>$H$4,"",MATCH(49,'Price List'!$M$2:$M$1352,0)) -> 49
A60: 50 | B60: =IF($L60="","",INDEX('Price List'!$B$2:$B$1352,$L60)&"") -> Commerce Asia, Inc. | C60: =IF($L60="","",INDEX('Price List'!$C$2:$C$1352,$L60)&"") -> Lamination Film | D60: =IF($L60="","",INDEX('Price List'!$D$2:$D$1352,$L60)&"") -> Thermal PET Film (offset & digital) | E60: =IF($L60="","",INDEX('Price List'!$E$2:$E$1352,$L60)&"") -> Matt/32-G, 58mm core | F60: =IF($L60="","",INDEX('Price List'!$F$2:$F$1352,$L60)&"") -> 21103-0330-150-G58 | G60: =IF($L60="","",INDEX('Price List'!$G$2:$G$1352,$L60)&"") -> 330mm (13 in) x 150M | H60: =IF($L60="","",INDEX('Price List'!$H$2:$H$1352,$L60)&"") -> roll | I60: =IF($L60="","",IF(INDEX('Price List'!$I$2:$I$1352,$L60)="","",INDEX('Price List'!$I$2:$I$1352,$L60))) -> 3195 | J60: =IF($L60="","",INDEX('Price List'!$J$2:$J$1352,$L60)&"") -> SRP P4,260.00 less 25% discount | K60: =IF($L60="","",INDEX('Price List'!$K$2:$K$1352,$L60)&"") -> Jul 20, 2026 | L60: =IF(50>$H$4,"",MATCH(50,'Price List'!$M$2:$M$1352,0)) -> 50
A61: 51 | B61: =IF($L61="","",INDEX('Price List'!$B$2:$B$1352,$L61)&"") -> Commerce Asia, Inc. | C61: =IF($L61="","",INDEX('Price List'!$C$2:$C$1352,$L61)&"") -> Lamination Film | D61: =IF($L61="","",INDEX('Price List'!$D$2:$D$1352,$L61)&"") -> Thermal PET Film (offset & digital) | E61: =IF($L61="","",INDEX('Price List'!$E$2:$E$1352,$L61)&"") -> Matt/32-G, 58mm core | F61: =IF($L61="","",INDEX('Price List'!$F$2:$F$1352,$L61)&"") -> 21103-0457-150-G58 | G61: =IF($L61="","",INDEX('Price List'!$G$2:$G$1352,$L61)&"") -> 457mm (18 in) x 150M | H61: =IF($L61="","",INDEX('Price List'!$H$2:$H$1352,$L61)&"") -> roll | I61: =IF($L61="","",IF(INDEX('Price List'!$I$2:$I$1352,$L61)="","",INDEX('Price List'!$I$2:$I$1352,$L61))) -> 4425 | J61: =IF($L61="","",INDEX('Price List'!$J$2:$J$1352,$L61)&"") -> SRP P5,900.00 less 25% discount | K61: =IF($L61="","",INDEX('Price List'!$K$2:$K$1352,$L61)&"") -> Jul 20, 2026 | L61: =IF(51>$H$4,"",MATCH(51,'Price List'!$M$2:$M$1352,0)) -> 51
A62: 52 | B62: =IF($L62="","",INDEX('Price List'!$B$2:$B$1352,$L62)&"") -> Crosspoint Paper (Silang, Cavite) | C62: =IF($L62="","",INDEX('Price List'!$C$2:$C$1352,$L62)&"") -> Newsprint | D62: =IF($L62="","",INDEX('Price List'!$D$2:$D$1352,$L62)&"") -> Newsprint | E62: =IF($L62="","",INDEX('Price List'!$E$2:$E$1352,$L62)&"") | F62: =IF($L62="","",INDEX('Price List'!$F$2:$F$1352,$L62)&"") -> 52 gsm | G62: =IF($L62="","",INDEX('Price List'!$G$2:$G$1352,$L62)&"") -> 24 x 36 | H62: =IF($L62="","",INDEX('Price List'!$H$2:$H$1352,$L62)&"") -> ream | I62: =IF($L62="","",IF(INDEX('Price List'!$I$2:$I$1352,$L62)="","",INDEX('Price List'!$I$2:$I$1352,$L62))) -> 730 | J62: =IF($L62="","",INDEX('Price List'!$J$2:$J$1352,$L62)&"") | K62: =IF($L62="","",INDEX('Price List'!$K$2:$K$1352,$L62)&"") -> 2025 | L62: =IF(52>$H$4,"",MATCH(52,'Price List'!$M$2:$M$1352,0)) -> 52
A63: 53 | B63: =IF($L63="","",INDEX('Price List'!$B$2:$B$1352,$L63)&"") -> Crosspoint Paper (Silang, Cavite) | C63: =IF($L63="","",INDEX('Price List'!$C$2:$C$1352,$L63)&"") -> Newsprint | D63: =IF($L63="","",INDEX('Price List'!$D$2:$D$1352,$L63)&"") -> Newsprint | E63: =IF($L63="","",INDEX('Price List'!$E$2:$E$1352,$L63)&"") | F63: =IF($L63="","",INDEX('Price List'!$F$2:$F$1352,$L63)&"") -> 52 gsm | G63: =IF($L63="","",INDEX('Price List'!$G$2:$G$1352,$L63)&"") -> 34 x 28 | H63: =IF($L63="","",INDEX('Price List'!$H$2:$H$1352,$L63)&"") -> ream | I63: =IF($L63="","",IF(INDEX('Price List'!$I$2:$I$1352,$L63)="","",INDEX('Price List'!$I$2:$I$1352,$L63))) -> 804.35 | J63: =IF($L63="","",INDEX('Price List'!$J$2:$J$1352,$L63)&"") | K63: =IF($L63="","",INDEX('Price List'!$K$2:$K$1352,$L63)&"") -> 2025 | L63: =IF(53>$H$4,"",MATCH(53,'Price List'!$M$2:$M$1352,0)) -> 53
A64: 54 | B64: =IF($L64="","",INDEX('Price List'!$B$2:$B$1352,$L64)&"") -> Crosspoint Paper (Silang, Cavite) | C64: =IF($L64="","",INDEX('Price List'!$C$2:$C$1352,$L64)&"") -> Newsprint | D64: =IF($L64="","",INDEX('Price List'!$D$2:$D$1352,$L64)&"") -> Newsprint | E64: =IF($L64="","",INDEX('Price List'!$E$2:$E$1352,$L64)&"") | F64: =IF($L64="","",INDEX('Price List'!$F$2:$F$1352,$L64)&"") -> 52 gsm | G64: =IF($L64="","",INDEX('Price List'!$G$2:$G$1352,$L64)&"") -> 34 x 22 | H64: =IF($L64="","",INDEX('Price List'!$H$2:$H$1352,$L64)&"") -> ream | I64: =IF($L64="","",IF(INDEX('Price List'!$I$2:$I$1352,$L64)="","",INDEX('Price List'!$I$2:$I$1352,$L64))) -> 632 | J64: =IF($L64="","",INDEX('Price List'!$J$2:$J$1352,$L64)&"") | K64: =IF($L64="","",INDEX('Price List'!$K$2:$K$1352,$L64)&"") -> 2025 | L64: =IF(54>$H$4,"",MATCH(54,'Price List'!$M$2:$M$1352,0)) -> 54
A65: 55 | B65: =IF($L65="","",INDEX('Price List'!$B$2:$B$1352,$L65)&"") -> Crosspoint Paper (Silang, Cavite) | C65: =IF($L65="","",INDEX('Price List'!$C$2:$C$1352,$L65)&"") -> Newsprint | D65: =IF($L65="","",INDEX('Price List'!$D$2:$D$1352,$L65)&"") -> Newsprint | E65: =IF($L65="","",INDEX('Price List'!$E$2:$E$1352,$L65)&"") | F65: =IF($L65="","",INDEX('Price List'!$F$2:$F$1352,$L65)&"") -> 48.8 gsm | G65: =IF($L65="","",INDEX('Price List'!$G$2:$G$1352,$L65)&"") -> 24 x 36 | H65: =IF($L65="","",INDEX('Price List'!$H$2:$H$1352,$L65)&"") -> ream | I65: =IF($L65="","",IF(INDEX('Price List'!$I$2:$I$1352,$L65)="","",INDEX('Price List'!$I$2:$I$1352,$L65))) -> 698.83 | J65: =IF($L65="","",INDEX('Price List'!$J$2:$J$1352,$L65)&"") | K65: =IF($L65="","",INDEX('Price List'!$K$2:$K$1352,$L65)&"") -> 2025 | L65: =IF(55>$H$4,"",MATCH(55,'Price List'!$M$2:$M$1352,0)) -> 55
A66: 56 | B66: =IF($L66="","",INDEX('Price List'!$B$2:$B$1352,$L66)&"") -> Crosspoint Paper (Silang, Cavite) | C66: =IF($L66="","",INDEX('Price List'!$C$2:$C$1352,$L66)&"") -> Newsprint | D66: =IF($L66="","",INDEX('Price List'!$D$2:$D$1352,$L66)&"") -> Newsprint | E66: =IF($L66="","",INDEX('Price List'!$E$2:$E$1352,$L66)&"") | F66: =IF($L66="","",INDEX('Price List'!$F$2:$F$1352,$L66)&"") -> 48.8 gsm | G66: =IF($L66="","",INDEX('Price List'!$G$2:$G$1352,$L66)&"") -> 34 x 28 | H66: =IF($L66="","",INDEX('Price List'!$H$2:$H$1352,$L66)&"") -> ream | I66: =IF($L66="","",IF(INDEX('Price List'!$I$2:$I$1352,$L66)="","",INDEX('Price List'!$I$2:$I$1352,$L66))) -> 770 | J66: =IF($L66="","",INDEX('Price List'!$J$2:$J$1352,$L66)&"") | K66: =IF($L66="","",INDEX('Price List'!$K$2:$K$1352,$L66)&"") -> 2025 | L66: =IF(56>$H$4,"",MATCH(56,'Price List'!$M$2:$M$1352,0)) -> 56
A67: 57 | B67: =IF($L67="","",INDEX('Price List'!$B$2:$B$1352,$L67)&"") -> Crosspoint Paper (Silang, Cavite) | C67: =IF($L67="","",INDEX('Price List'!$C$2:$C$1352,$L67)&"") -> Newsprint | D67: =IF($L67="","",INDEX('Price List'!$D$2:$D$1352,$L67)&"") -> Newsprint | E67: =IF($L67="","",INDEX('Price List'!$E$2:$E$1352,$L67)&"") | F67: =IF($L67="","",INDEX('Price List'!$F$2:$F$1352,$L67)&"") -> 48.8 gsm | G67: =IF($L67="","",INDEX('Price List'!$G$2:$G$1352,$L67)&"") -> 34 x 22 | H67: =IF($L67="","",INDEX('Price List'!$H$2:$H$1352,$L67)&"") -> ream | I67: =IF($L67="","",IF(INDEX('Price List'!$I$2:$I$1352,$L67)="","",INDEX('Price List'!$I$2:$I$1352,$L67))) -> 605 | J67: =IF($L67="","",INDEX('Price List'!$J$2:$J$1352,$L67)&"") | K67: =IF($L67="","",INDEX('Price List'!$K$2:$K$1352,$L67)&"") -> 2025 | L67: =IF(57>$H$4,"",MATCH(57,'Price List'!$M$2:$M$1352,0)) -> 57
A68: 58 | B68: =IF($L68="","",INDEX('Price List'!$B$2:$B$1352,$L68)&"") -> Crosspoint Paper (Silang, Cavite) | C68: =IF($L68="","",INDEX('Price List'!$C$2:$C$1352,$L68)&"") -> Book Paper | D68: =IF($L68="","",INDEX('Price List'!$D$2:$D$1352,$L68)&"") -> Book 40# | E68: =IF($L68="","",INDEX('Price List'!$E$2:$E$1352,$L68)&"") -> Ream weight 32 lbs | F68: =IF($L68="","",INDEX('Price List'!$F$2:$F$1352,$L68)&"") -> sub 18 / 60 gsm | G68: =IF($L68="","",INDEX('Price List'!$G$2:$G$1352,$L68)&"") -> 22 x 34 | H68: =IF($L68="","",INDEX('Price List'!$H$2:$H$1352,$L68)&"") -> ream | I68: =IF($L68="","",IF(INDEX('Price List'!$I$2:$I$1352,$L68)="","",INDEX('Price List'!$I$2:$I$1352,$L68))) -> 880 | J68: =IF($L68="","",INDEX('Price List'!$J$2:$J$1352,$L68)&"") | K68: =IF($L68="","",INDEX('Price List'!$K$2:$K$1352,$L68)&"") -> 2025 | L68: =IF(58>$H$4,"",MATCH(58,'Price List'!$M$2:$M$1352,0)) -> 58
A69: 59 | B69: =IF($L69="","",INDEX('Price List'!$B$2:$B$1352,$L69)&"") -> Crosspoint Paper (Silang, Cavite) | C69: =IF($L69="","",INDEX('Price List'!$C$2:$C$1352,$L69)&"") -> Book Paper | D69: =IF($L69="","",INDEX('Price List'!$D$2:$D$1352,$L69)&"") -> Book 40# | E69: =IF($L69="","",INDEX('Price List'!$E$2:$E$1352,$L69)&"") -> Ream weight 32 lbs | F69: =IF($L69="","",INDEX('Price List'!$F$2:$F$1352,$L69)&"") -> sub 18 / 60 gsm | G69: =IF($L69="","",INDEX('Price List'!$G$2:$G$1352,$L69)&"") -> 34 x 22 | H69: =IF($L69="","",INDEX('Price List'!$H$2:$H$1352,$L69)&"") -> ream | I69: =IF($L69="","",IF(INDEX('Price List'!$I$2:$I$1352,$L69)="","",INDEX('Price List'!$I$2:$I$1352,$L69))) -> 880 | J69: =IF($L69="","",INDEX('Price List'!$J$2:$J$1352,$L69)&"") | K69: =IF($L69="","",INDEX('Price List'!$K$2:$K$1352,$L69)&"") -> 2025 | L69: =IF(59>$H$4,"",MATCH(59,'Price List'!$M$2:$M$1352,0)) -> 59
A70: 60 | B70: =IF($L70="","",INDEX('Price List'!$B$2:$B$1352,$L70)&"") -> Crosspoint Paper (Silang, Cavite) | C70: =IF($L70="","",INDEX('Price List'!$C$2:$C$1352,$L70)&"") -> Book Paper | D70: =IF($L70="","",INDEX('Price List'!$D$2:$D$1352,$L70)&"") -> Book 40# | E70: =IF($L70="","",INDEX('Price List'!$E$2:$E$1352,$L70)&"") -> Ream weight 41 lbs | F70: =IF($L70="","",INDEX('Price List'!$F$2:$F$1352,$L70)&"") -> sub 18 / 60 gsm | G70: =IF($L70="","",INDEX('Price List'!$G$2:$G$1352,$L70)&"") -> 34 x 28 | H70: =IF($L70="","",INDEX('Price List'!$H$2:$H$1352,$L70)&"") -> ream | I70: =IF($L70="","",IF(INDEX('Price List'!$I$2:$I$1352,$L70)="","",INDEX('Price List'!$I$2:$I$1352,$L70))) -> 1127.5 | J70: =IF($L70="","",INDEX('Price List'!$J$2:$J$1352,$L70)&"") | K70: =IF($L70="","",INDEX('Price List'!$K$2:$K$1352,$L70)&"") -> 2025 | L70: =IF(60>$H$4,"",MATCH(60,'Price List'!$M$2:$M$1352,0)) -> 60
A71: 61 | B71: =IF($L71="","",INDEX('Price List'!$B$2:$B$1352,$L71)&"") -> Crosspoint Paper (Silang, Cavite) | C71: =IF($L71="","",INDEX('Price List'!$C$2:$C$1352,$L71)&"") -> Book Paper | D71: =IF($L71="","",INDEX('Price List'!$D$2:$D$1352,$L71)&"") -> Book 40# | E71: =IF($L71="","",INDEX('Price List'!$E$2:$E$1352,$L71)&"") -> Ream weight 40 lbs | F71: =IF($L71="","",INDEX('Price List'!$F$2:$F$1352,$L71)&"") -> sub 18 / 60 gsm | G71: =IF($L71="","",INDEX('Price List'!$G$2:$G$1352,$L71)&"") -> 25 x 38 | H71: =IF($L71="","",INDEX('Price List'!$H$2:$H$1352,$L71)&"") -> ream | I71: =IF($L71="","",IF(INDEX('Price List'!$I$2:$I$1352,$L71)="","",INDEX('Price List'!$I$2:$I$1352,$L71))) -> 1100 | J71: =IF($L71="","",INDEX('Price List'!$J$2:$J$1352,$L71)&"") | K71: =IF($L71="","",INDEX('Price List'!$K$2:$K$1352,$L71)&"") -> 2025 | L71: =IF(61>$H$4,"",MATCH(61,'Price List'!$M$2:$M$1352,0)) -> 61
A72: 62 | B72: =IF($L72="","",INDEX('Price List'!$B$2:$B$1352,$L72)&"") -> Crosspoint Paper (Silang, Cavite) | C72: =IF($L72="","",INDEX('Price List'!$C$2:$C$1352,$L72)&"") -> Book Paper | D72: =IF($L72="","",INDEX('Price List'!$D$2:$D$1352,$L72)&"") -> Book 40# | E72: =IF($L72="","",INDEX('Price List'!$E$2:$E$1352,$L72)&"") -> Ream weight 40 lbs | F72: =IF($L72="","",INDEX('Price List'!$F$2:$F$1352,$L72)&"") -> sub 18 / 60 gsm | G72: =IF($L72="","",INDEX('Price List'!$G$2:$G$1352,$L72)&"") -> 38 x 25 | H72: =IF($L72="","",INDEX('Price List'!$H$2:$H$1352,$L72)&"") -> ream | I72: =IF($L72="","",IF(INDEX('Price List'!$I$2:$I$1352,$L72)="","",INDEX('Price List'!$I$2:$I$1352,$L72))) -> 1100 | J72: =IF($L72="","",INDEX('Price List'!$J$2:$J$1352,$L72)&"") | K72: =IF($L72="","",INDEX('Price List'!$K$2:$K$1352,$L72)&"") -> 2025 | L72: =IF(62>$H$4,"",MATCH(62,'Price List'!$M$2:$M$1352,0)) -> 62
A73: 63 | B73: =IF($L73="","",INDEX('Price List'!$B$2:$B$1352,$L73)&"") -> Crosspoint Paper (Silang, Cavite) | C73: =IF($L73="","",INDEX('Price List'!$C$2:$C$1352,$L73)&"") -> Book Paper | D73: =IF($L73="","",INDEX('Price List'!$D$2:$D$1352,$L73)&"") -> Book 40# | E73: =IF($L73="","",INDEX('Price List'!$E$2:$E$1352,$L73)&"") -> Ream weight 40 lbs | F73: =IF($L73="","",INDEX('Price List'!$F$2:$F$1352,$L73)&"") -> sub 18 / 60 gsm | G73: =IF($L73="","",INDEX('Price List'!$G$2:$G$1352,$L73)&"") -> 25 x 34 | H73: =IF($L73="","",INDEX('Price List'!$H$2:$H$1352,$L73)&"") -> ream | I73: =IF($L73="","",IF(INDEX('Price List'!$I$2:$I$1352,$L73)="","",INDEX('Price List'!$I$2:$I$1352,$L73))) -> 984.21 | J73: =IF($L73="","",INDEX('Price List'!$J$2:$J$1352,$L73)&"") | K73: =IF($L73="","",INDEX('Price List'!$K$2:$K$1352,$L73)&"") -> 2025 | L73: =IF(63>$H$4,"",MATCH(63,'Price List'!$M$2:$M$1352,0)) -> 63
A74: 64 | B74: =IF($L74="","",INDEX('Price List'!$B$2:$B$1352,$L74)&"") -> Crosspoint Paper (Silang, Cavite) | C74: =IF($L74="","",INDEX('Price List'!$C$2:$C$1352,$L74)&"") -> Book Paper | D74: =IF($L74="","",INDEX('Price List'!$D$2:$D$1352,$L74)&"") -> Book 50# | E74: =IF($L74="","",INDEX('Price List'!$E$2:$E$1352,$L74)&"") -> Ream weight 40 lbs | F74: =IF($L74="","",INDEX('Price List'!$F$2:$F$1352,$L74)&"") -> sub 20 / 70 gsm | G74: =IF($L74="","",INDEX('Price List'!$G$2:$G$1352,$L74)&"") -> 34 x 22 | H74: =IF($L74="","",INDEX('Price List'!$H$2:$H$1352,$L74)&"") -> ream | I74: =IF($L74="","",IF(INDEX('Price List'!$I$2:$I$1352,$L74)="","",INDEX('Price List'!$I$2:$I$1352,$L74))) -> 1040 | J74: =IF($L74="","",INDEX('Price List'!$J$2:$J$1352,$L74)&"") | K74: =IF($L74="","",INDEX('Price List'!$K$2:$K$1352,$L74)&"") -> 2025 | L74: =IF(64>$H$4,"",MATCH(64,'Price List'!$M$2:$M$1352,0)) -> 64
A75: 65 | B75: =IF($L75="","",INDEX('Price List'!$B$2:$B$1352,$L75)&"") -> Crosspoint Paper (Silang, Cavite) | C75: =IF($L75="","",INDEX('Price List'!$C$2:$C$1352,$L75)&"") -> Book Paper | D75: =IF($L75="","",INDEX('Price List'!$D$2:$D$1352,$L75)&"") -> Book 50# | E75: =IF($L75="","",INDEX('Price List'!$E$2:$E$1352,$L75)&"") -> Ream weight 40 lbs | F75: =IF($L75="","",INDEX('Price List'!$F$2:$F$1352,$L75)&"") -> sub 20 / 70 gsm | G75: =IF($L75="","",INDEX('Price List'!$G$2:$G$1352,$L75)&"") -> 22 x 34 | H75: =IF($L75="","",INDEX('Price List'!$H$2:$H$1352,$L75)&"") -> ream | I75: =IF($L75="","",IF(INDEX('Price List'!$I$2:$I$1352,$L75)="","",INDEX('Price List'!$I$2:$I$1352,$L75))) -> 1040 | J75: =IF($L75="","",INDEX('Price List'!$J$2:$J$1352,$L75)&"") | K75: =IF($L75="","",INDEX('Price List'!$K$2:$K$1352,$L75)&"") -> 2025 | L75: =IF(65>$H$4,"",MATCH(65,'Price List'!$M$2:$M$1352,0)) -> 65
A76: 66 | B76: =IF($L76="","",INDEX('Price List'!$B$2:$B$1352,$L76)&"") -> Crosspoint Paper (Silang, Cavite) | C76: =IF($L76="","",INDEX('Price List'!$C$2:$C$1352,$L76)&"") -> Book Paper | D76: =IF($L76="","",INDEX('Price List'!$D$2:$D$1352,$L76)&"") -> Book 50# | E76: =IF($L76="","",INDEX('Price List'!$E$2:$E$1352,$L76)&"") -> Ream weight 51 lbs | F76: =IF($L76="","",INDEX('Price List'!$F$2:$F$1352,$L76)&"") -> sub 20 / 70 gsm | G76: =IF($L76="","",INDEX('Price List'!$G$2:$G$1352,$L76)&"") -> 34 x 28 | H76: =IF($L76="","",INDEX('Price List'!$H$2:$H$1352,$L76)&"") -> ream | I76: =IF($L76="","",IF(INDEX('Price List'!$I$2:$I$1352,$L76)="","",INDEX('Price List'!$I$2:$I$1352,$L76))) -> 1326 | J76: =IF($L76="","",INDEX('Price List'!$J$2:$J$1352,$L76)&"") | K76: =IF($L76="","",INDEX('Price List'!$K$2:$K$1352,$L76)&"") -> 2025 | L76: =IF(66>$H$4,"",MATCH(66,'Price List'!$M$2:$M$1352,0)) -> 66
A77: 67 | B77: =IF($L77="","",INDEX('Price List'!$B$2:$B$1352,$L77)&"") -> Crosspoint Paper (Silang, Cavite) | C77: =IF($L77="","",INDEX('Price List'!$C$2:$C$1352,$L77)&"") -> Book Paper | D77: =IF($L77="","",INDEX('Price List'!$D$2:$D$1352,$L77)&"") -> Book 50# | E77: =IF($L77="","",INDEX('Price List'!$E$2:$E$1352,$L77)&"") -> Ream weight 50 lbs | F77: =IF($L77="","",INDEX('Price List'!$F$2:$F$1352,$L77)&"") -> sub 20 / 70 gsm | G77: =IF($L77="","",INDEX('Price List'!$G$2:$G$1352,$L77)&"") -> 25 x 38 | H77: =IF($L77="","",INDEX('Price List'!$H$2:$H$1352,$L77)&"") -> ream | I77: =IF($L77="","",IF(INDEX('Price List'!$I$2:$I$1352,$L77)="","",INDEX('Price List'!$I$2:$I$1352,$L77))) -> 1300 | J77: =IF($L77="","",INDEX('Price List'!$J$2:$J$1352,$L77)&"") | K77: =IF($L77="","",INDEX('Price List'!$K$2:$K$1352,$L77)&"") -> 2025 | L77: =IF(67>$H$4,"",MATCH(67,'Price List'!$M$2:$M$1352,0)) -> 67
A78: 68 | B78: =IF($L78="","",INDEX('Price List'!$B$2:$B$1352,$L78)&"") -> Crosspoint Paper (Silang, Cavite) | C78: =IF($L78="","",INDEX('Price List'!$C$2:$C$1352,$L78)&"") -> Book Paper | D78: =IF($L78="","",INDEX('Price List'!$D$2:$D$1352,$L78)&"") -> Book 50# | E78: =IF($L78="","",INDEX('Price List'!$E$2:$E$1352,$L78)&"") -> Ream weight 50 lbs | F78: =IF($L78="","",INDEX('Price List'!$F$2:$F$1352,$L78)&"") -> sub 20 / 70 gsm | G78: =IF($L78="","",INDEX('Price List'!$G$2:$G$1352,$L78)&"") -> 38 x 25 | H78: =IF($L78="","",INDEX('Price List'!$H$2:$H$1352,$L78)&"") -> ream | I78: =IF($L78="","",IF(INDEX('Price List'!$I$2:$I$1352,$L78)="","",INDEX('Price List'!$I$2:$I$1352,$L78))) -> 1300 | J78: =IF($L78="","",INDEX('Price List'!$J$2:$J$1352,$L78)&"") | K78: =IF($L78="","",INDEX('Price List'!$K$2:$K$1352,$L78)&"") -> 2025 | L78: =IF(68>$H$4,"",MATCH(68,'Price List'!$M$2:$M$1352,0)) -> 68
A79: 69 | B79: =IF($L79="","",INDEX('Price List'!$B$2:$B$1352,$L79)&"") -> Crosspoint Paper (Silang, Cavite) | C79: =IF($L79="","",INDEX('Price List'!$C$2:$C$1352,$L79)&"") -> Book Paper | D79: =IF($L79="","",INDEX('Price List'!$D$2:$D$1352,$L79)&"") -> Book 60# | E79: =IF($L79="","",INDEX('Price List'!$E$2:$E$1352,$L79)&"") -> Ream weight 48 lbs | F79: =IF($L79="","",INDEX('Price List'!$F$2:$F$1352,$L79)&"") -> sub 24 / 80 gsm | G79: =IF($L79="","",INDEX('Price List'!$G$2:$G$1352,$L79)&"") -> 34 x 22 | H79: =IF($L79="","",INDEX('Price List'!$H$2:$H$1352,$L79)&"") -> ream | I79: =IF($L79="","",IF(INDEX('Price List'!$I$2:$I$1352,$L79)="","",INDEX('Price List'!$I$2:$I$1352,$L79))) -> 1224 | J79: =IF($L79="","",INDEX('Price List'!$J$2:$J$1352,$L79)&"") | K79: =IF($L79="","",INDEX('Price List'!$K$2:$K$1352,$L79)&"") -> 2025 | L79: =IF(69>$H$4,"",MATCH(69,'Price List'!$M$2:$M$1352,0)) -> 69
A80: 70 | B80: =IF($L80="","",INDEX('Price List'!$B$2:$B$1352,$L80)&"") -> Crosspoint Paper (Silang, Cavite) | C80: =IF($L80="","",INDEX('Price List'!$C$2:$C$1352,$L80)&"") -> Book Paper | D80: =IF($L80="","",INDEX('Price List'!$D$2:$D$1352,$L80)&"") -> Book 60# | E80: =IF($L80="","",INDEX('Price List'!$E$2:$E$1352,$L80)&"") -> Ream weight 61 lbs | F80: =IF($L80="","",INDEX('Price List'!$F$2:$F$1352,$L80)&"") -> sub 24 / 80 gsm | G80: =IF($L80="","",INDEX('Price List'!$G$2:$G$1352,$L80)&"") -> 34 x 28 | H80: =IF($L80="","",INDEX('Price List'!$H$2:$H$1352,$L80)&"") -> ream | I80: =IF($L80="","",IF(INDEX('Price List'!$I$2:$I$1352,$L80)="","",INDEX('Price List'!$I$2:$I$1352,$L80))) -> 1555.5 | J80: =IF($L80="","",INDEX('Price List'!$J$2:$J$1352,$L80)&"") | K80: =IF($L80="","",INDEX('Price List'!$K$2:$K$1352,$L80)&"") -> 2025 | L80: =IF(70>$H$4,"",MATCH(70,'Price List'!$M$2:$M$1352,0)) -> 70
A81: 71 | B81: =IF($L81="","",INDEX('Price List'!$B$2:$B$1352,$L81)&"") -> Crosspoint Paper (Silang, Cavite) | C81: =IF($L81="","",INDEX('Price List'!$C$2:$C$1352,$L81)&"") -> Book Paper | D81: =IF($L81="","",INDEX('Price List'!$D$2:$D$1352,$L81)&"") -> Book 60# | E81: =IF($L81="","",INDEX('Price List'!$E$2:$E$1352,$L81)&"") -> Ream weight 60 lbs | F81: =IF($L81="","",INDEX('Price List'!$F$2:$F$1352,$L81)&"") -> sub 24 / 80 gsm | G81: =IF($L81="","",INDEX('Price List'!$G$2:$G$1352,$L81)&"") -> 25 x 38 | H81: =IF($L81="","",INDEX('Price List'!$H$2:$H$1352,$L81)&"") -> ream | I81: =IF($L81="","",IF(INDEX('Price List'!$I$2:$I$1352,$L81)="","",INDEX('Price List'!$I$2:$I$1352,$L81))) -> 1530 | J81: =IF($L81="","",INDEX('Price List'!$J$2:$J$1352,$L81)&"") | K81: =IF($L81="","",INDEX('Price List'!$K$2:$K$1352,$L81)&"") -> 2025 | L81: =IF(71>$H$4,"",MATCH(71,'Price List'!$M$2:$M$1352,0)) -> 71
A82: 72 | B82: =IF($L82="","",INDEX('Price List'!$B$2:$B$1352,$L82)&"") -> Crosspoint Paper (Silang, Cavite) | C82: =IF($L82="","",INDEX('Price List'!$C$2:$C$1352,$L82)&"") -> Book Paper | D82: =IF($L82="","",INDEX('Price List'!$D$2:$D$1352,$L82)&"") -> Book 60# | E82: =IF($L82="","",INDEX('Price List'!$E$2:$E$1352,$L82)&"") -> Ream weight 60 lbs | F82: =IF($L82="","",INDEX('Price List'!$F$2:$F$1352,$L82)&"") -> sub 24 / 80 gsm | G82: =IF($L82="","",INDEX('Price List'!$G$2:$G$1352,$L82)&"") -> 38 x 25 | H82: =IF($L82="","",INDEX('Price List'!$H$2:$H$1352,$L82)&"") -> ream | I82: =IF($L82="","",IF(INDEX('Price List'!$I$2:$I$1352,$L82)="","",INDEX('Price List'!$I$2:$I$1352,$L82))) -> 1530 | J82: =IF($L82="","",INDEX('Price List'!$J$2:$J$1352,$L82)&"") | K82: =IF($L82="","",INDEX('Price List'!$K$2:$K$1352,$L82)&"") -> 2025 | L82: =IF(72>$H$4,"",MATCH(72,'Price List'!$M$2:$M$1352,0)) -> 72
A83: 73 | B83: =IF($L83="","",INDEX('Price List'!$B$2:$B$1352,$L83)&"") -> Crosspoint Paper (Silang, Cavite) | C83: =IF($L83="","",INDEX('Price List'!$C$2:$C$1352,$L83)&"") -> Book Paper | D83: =IF($L83="","",INDEX('Price List'!$D$2:$D$1352,$L83)&"") -> Book 70# | E83: =IF($L83="","",INDEX('Price List'!$E$2:$E$1352,$L83)&"") -> Ream weight 56 lbs | F83: =IF($L83="","",INDEX('Price List'!$F$2:$F$1352,$L83)&"") -> 100 gsm | G83: =IF($L83="","",INDEX('Price List'!$G$2:$G$1352,$L83)&"") -> 34 x 22 | H83: =IF($L83="","",INDEX('Price List'!$H$2:$H$1352,$L83)&"") -> ream | I83: =IF($L83="","",IF(INDEX('Price List'!$I$2:$I$1352,$L83)="","",INDEX('Price List'!$I$2:$I$1352,$L83))) -> 1428 | J83: =IF($L83="","",INDEX('Price List'!$J$2:$J$1352,$L83)&"") | K83: =IF($L83="","",INDEX('Price List'!$K$2:$K$1352,$L83)&"") -> 2025 | L83: =IF(73>$H$4,"",MATCH(73,'Price List'!$M$2:$M$1352,0)) -> 73
A84: 74 | B84: =IF($L84="","",INDEX('Price List'!$B$2:$B$1352,$L84)&"") -> Crosspoint Paper (Silang, Cavite) | C84: =IF($L84="","",INDEX('Price List'!$C$2:$C$1352,$L84)&"") -> Book Paper | D84: =IF($L84="","",INDEX('Price List'!$D$2:$D$1352,$L84)&"") -> Book 70# | E84: =IF($L84="","",INDEX('Price List'!$E$2:$E$1352,$L84)&"") -> Ream weight 71 lbs | F84: =IF($L84="","",INDEX('Price List'!$F$2:$F$1352,$L84)&"") -> 100 gsm | G84: =IF($L84="","",INDEX('Price List'!$G$2:$G$1352,$L84)&"") -> 34 x 28 | H84: =IF($L84="","",INDEX('Price List'!$H$2:$H$1352,$L84)&"") -> ream | I84: =IF($L84="","",IF(INDEX('Price List'!$I$2:$I$1352,$L84)="","",INDEX('Price List'!$I$2:$I$1352,$L84))) -> 1810.5 | J84: =IF($L84="","",INDEX('Price List'!$J$2:$J$1352,$L84)&"") | K84: =IF($L84="","",INDEX('Price List'!$K$2:$K$1352,$L84)&"") -> 2025 | L84: =IF(74>$H$4,"",MATCH(74,'Price List'!$M$2:$M$1352,0)) -> 74
A85: 75 | B85: =IF($L85="","",INDEX('Price List'!$B$2:$B$1352,$L85)&"") -> Crosspoint Paper (Silang, Cavite) | C85: =IF($L85="","",INDEX('Price List'!$C$2:$C$1352,$L85)&"") -> Book Paper | D85: =IF($L85="","",INDEX('Price List'!$D$2:$D$1352,$L85)&"") -> Book 70# | E85: =IF($L85="","",INDEX('Price List'!$E$2:$E$1352,$L85)&"") -> Ream weight 70 lbs | F85: =IF($L85="","",INDEX('Price List'!$F$2:$F$1352,$L85)&"") -> 100 gsm | G85: =IF($L85="","",INDEX('Price List'!$G$2:$G$1352,$L85)&"") -> 25 x 38 | H85: =IF($L85="","",INDEX('Price List'!$H$2:$H$1352,$L85)&"") -> ream | I85: =IF($L85="","",IF(INDEX('Price List'!$I$2:$I$1352,$L85)="","",INDEX('Price List'!$I$2:$I$1352,$L85))) -> 1785 | J85: =IF($L85="","",INDEX('Price List'!$J$2:$J$1352,$L85)&"") | K85: =IF($L85="","",INDEX('Price List'!$K$2:$K$1352,$L85)&"") -> 2025 | L85: =IF(75>$H$4,"",MATCH(75,'Price List'!$M$2:$M$1352,0)) -> 75
A86: 76 | B86: =IF($L86="","",INDEX('Price List'!$B$2:$B$1352,$L86)&"") -> Crosspoint Paper (Silang, Cavite) | C86: =IF($L86="","",INDEX('Price List'!$C$2:$C$1352,$L86)&"") -> Book Paper | D86: =IF($L86="","",INDEX('Price List'!$D$2:$D$1352,$L86)&"") -> Book 80# | E86: =IF($L86="","",INDEX('Price List'!$E$2:$E$1352,$L86)&"") -> Ream weight 64 lbs | F86: =IF($L86="","",INDEX('Price List'!$F$2:$F$1352,$L86)&"") -> 120 gsm | G86: =IF($L86="","",INDEX('Price List'!$G$2:$G$1352,$L86)&"") -> 34 x 22 | H86: =IF($L86="","",INDEX('Price List'!$H$2:$H$1352,$L86)&"") -> ream | I86: =IF($L86="","",IF(INDEX('Price List'!$I$2:$I$1352,$L86)="","",INDEX('Price List'!$I$2:$I$1352,$L86))) -> 1664 | J86: =IF($L86="","",INDEX('Price List'!$J$2:$J$1352,$L86)&"") | K86: =IF($L86="","",INDEX('Price List'!$K$2:$K$1352,$L86)&"") -> 2025 | L86: =IF(76>$H$4,"",MATCH(76,'Price List'!$M$2:$M$1352,0)) -> 76
A87: 77 | B87: =IF($L87="","",INDEX('Price List'!$B$2:$B$1352,$L87)&"") -> Crosspoint Paper (Silang, Cavite) | C87: =IF($L87="","",INDEX('Price List'!$C$2:$C$1352,$L87)&"") -> Book Paper | D87: =IF($L87="","",INDEX('Price List'!$D$2:$D$1352,$L87)&"") -> Book 80# | E87: =IF($L87="","",INDEX('Price List'!$E$2:$E$1352,$L87)&"") -> Ream weight 81 lbs | F87: =IF($L87="","",INDEX('Price List'!$F$2:$F$1352,$L87)&"") -> 120 gsm | G87: =IF($L87="","",INDEX('Price List'!$G$2:$G$1352,$L87)&"") -> 34 x 28 | H87: =IF($L87="","",INDEX('Price List'!$H$2:$H$1352,$L87)&"") -> ream | I87: =IF($L87="","",IF(INDEX('Price List'!$I$2:$I$1352,$L87)="","",INDEX('Price List'!$I$2:$I$1352,$L87))) -> 2106 | J87: =IF($L87="","",INDEX('Price List'!$J$2:$J$1352,$L87)&"") | K87: =IF($L87="","",INDEX('Price List'!$K$2:$K$1352,$L87)&"") -> 2025 | L87: =IF(77>$H$4,"",MATCH(77,'Price List'!$M$2:$M$1352,0)) -> 77
A88: 78 | B88: =IF($L88="","",INDEX('Price List'!$B$2:$B$1352,$L88)&"") -> Crosspoint Paper (Silang, Cavite) | C88: =IF($L88="","",INDEX('Price List'!$C$2:$C$1352,$L88)&"") -> Book Paper | D88: =IF($L88="","",INDEX('Price List'!$D$2:$D$1352,$L88)&"") -> Book 80# | E88: =IF($L88="","",INDEX('Price List'!$E$2:$E$1352,$L88)&"") -> Ream weight 80 lbs | F88: =IF($L88="","",INDEX('Price List'!$F$2:$F$1352,$L88)&"") -> 120 gsm | G88: =IF($L88="","",INDEX('Price List'!$G$2:$G$1352,$L88)&"") -> 25 x 38 | H88: =IF($L88="","",INDEX('Price List'!$H$2:$H$1352,$L88)&"") -> ream | I88: =IF($L88="","",IF(INDEX('Price List'!$I$2:$I$1352,$L88)="","",INDEX('Price List'!$I$2:$I$1352,$L88))) -> 2080 | J88: =IF($L88="","",INDEX('Price List'!$J$2:$J$1352,$L88)&"") | K88: =IF($L88="","",INDEX('Price List'!$K$2:$K$1352,$L88)&"") -> 2025 | L88: =IF(78>$H$4,"",MATCH(78,'Price List'!$M$2:$M$1352,0)) -> 78
A89: 79 | B89: =IF($L89="","",INDEX('Price List'!$B$2:$B$1352,$L89)&"") -> Crosspoint Paper (Silang, Cavite) | C89: =IF($L89="","",INDEX('Price List'!$C$2:$C$1352,$L89)&"") -> Book Paper | D89: =IF($L89="","",INDEX('Price List'!$D$2:$D$1352,$L89)&"") -> Book 50# | E89: =IF($L89="","",INDEX('Price List'!$E$2:$E$1352,$L89)&"") -> Price per lb (reference) | F89: =IF($L89="","",INDEX('Price List'!$F$2:$F$1352,$L89)&"") -> 70 gsm | G89: =IF($L89="","",INDEX('Price List'!$G$2:$G$1352,$L89)&"") | H89: =IF($L89="","",INDEX('Price List'!$H$2:$H$1352,$L89)&"") -> per lb | I89: =IF($L89="","",IF(INDEX('Price List'!$I$2:$I$1352,$L89)="","",INDEX('Price List'!$I$2:$I$1352,$L89))) -> 26 | J89: =IF($L89="","",INDEX('Price List'!$J$2:$J$1352,$L89)&"") -> Per-lb rate shown on price list | K89: =IF($L89="","",INDEX('Price List'!$K$2:$K$1352,$L89)&"") -> 2025 | L89: =IF(79>$H$4,"",MATCH(79,'Price List'!$M$2:$M$1352,0)) -> 79
A90: 80 | B90: =IF($L90="","",INDEX('Price List'!$B$2:$B$1352,$L90)&"") -> Crosspoint Paper (Silang, Cavite) | C90: =IF($L90="","",INDEX('Price List'!$C$2:$C$1352,$L90)&"") -> Book Paper | D90: =IF($L90="","",INDEX('Price List'!$D$2:$D$1352,$L90)&"") -> Book 70# | E90: =IF($L90="","",INDEX('Price List'!$E$2:$E$1352,$L90)&"") -> Price per lb (reference) | F90: =IF($L90="","",INDEX('Price List'!$F$2:$F$1352,$L90)&"") -> 100 gsm | G90: =IF($L90="","",INDEX('Price List'!$G$2:$G$1352,$L90)&"") -> 22 x 34 | H90: =IF($L90="","",INDEX('Price List'!$H$2:$H$1352,$L90)&"") -> per lb | I90: =IF($L90="","",IF(INDEX('Price List'!$I$2:$I$1352,$L90)="","",INDEX('Price List'!$I$2:$I$1352,$L90))) -> 25.5 | J90: =IF($L90="","",INDEX('Price List'!$J$2:$J$1352,$L90)&"") -> Per-lb rate shown on price list | K90: =IF($L90="","",INDEX('Price List'!$K$2:$K$1352,$L90)&"") -> 2025 | L90: =IF(80>$H$4,"",MATCH(80,'Price List'!$M$2:$M$1352,0)) -> 80
A91: 81 | B91: =IF($L91="","",INDEX('Price List'!$B$2:$B$1352,$L91)&"") -> Crosspoint Paper (Silang, Cavite) | C91: =IF($L91="","",INDEX('Price List'!$C$2:$C$1352,$L91)&"") -> Book Paper | D91: =IF($L91="","",INDEX('Price List'!$D$2:$D$1352,$L91)&"") -> Book 80# | E91: =IF($L91="","",INDEX('Price List'!$E$2:$E$1352,$L91)&"") -> Price per lb (reference) | F91: =IF($L91="","",INDEX('Price List'!$F$2:$F$1352,$L91)&"") -> 120 gsm | G91: =IF($L91="","",INDEX('Price List'!$G$2:$G$1352,$L91)&"") | H91: =IF($L91="","",INDEX('Price List'!$H$2:$H$1352,$L91)&"") -> per lb | I91: =IF($L91="","",IF(INDEX('Price List'!$I$2:$I$1352,$L91)="","",INDEX('Price List'!$I$2:$I$1352,$L91))) -> 26 | J91: =IF($L91="","",INDEX('Price List'!$J$2:$J$1352,$L91)&"") -> Per-lb rate shown on price list | K91: =IF($L91="","",INDEX('Price List'!$K$2:$K$1352,$L91)&"") -> 2025 | L91: =IF(81>$H$4,"",MATCH(81,'Price List'!$M$2:$M$1352,0)) -> 81
A92: 82 | B92: =IF($L92="","",INDEX('Price List'!$B$2:$B$1352,$L92)&"") -> NAPPCO (Nov 7, 2023 list) | C92: =IF($L92="","",INDEX('Price List'!$C$2:$C$1352,$L92)&"") -> Paperboard | D92: =IF($L92="","",INDEX('Price List'!$D$2:$D$1352,$L92)&"") -> Foldcote - Sandwich | E92: =IF($L92="","",INDEX('Price List'!$E$2:$E$1352,$L92)&"") | F92: =IF($L92="","",INDEX('Price List'!$F$2:$F$1352,$L92)&"") -> Cal. 10 | G92: =IF($L92="","",INDEX('Price List'!$G$2:$G$1352,$L92)&"") | H92: =IF($L92="","",INDEX('Price List'!$H$2:$H$1352,$L92)&"") -> sheet | I92: =IF($L92="","",IF(INDEX('Price List'!$I$2:$I$1352,$L92)="","",INDEX('Price List'!$I$2:$I$1352,$L92))) -> 11 | J92: =IF($L92="","",INDEX('Price List'!$J$2:$J$1352,$L92)&"") | K92: =IF($L92="","",INDEX('Price List'!$K$2:$K$1352,$L92)&"") -> Nov 7, 2023 | L92: =IF(82>$H$4,"",MATCH(82,'Price List'!$M$2:$M$1352,0)) -> 82
A93: 83 | B93: =IF($L93="","",INDEX('Price List'!$B$2:$B$1352,$L93)&"") -> NAPPCO (Nov 7, 2023 list) | C93: =IF($L93="","",INDEX('Price List'!$C$2:$C$1352,$L93)&"") -> Paperboard | D93: =IF($L93="","",INDEX('Price List'!$D$2:$D$1352,$L93)&"") -> Foldcote - Solid | E93: =IF($L93="","",INDEX('Price List'!$E$2:$E$1352,$L93)&"") | F93: =IF($L93="","",INDEX('Price List'!$F$2:$F$1352,$L93)&"") -> Cal. 10 | G93: =IF($L93="","",INDEX('Price List'!$G$2:$G$1352,$L93)&"") | H93: =IF($L93="","",INDEX('Price List'!$H$2:$H$1352,$L93)&"") -> sheet | I93: =IF($L93="","",IF(INDEX('Price List'!$I$2:$I$1352,$L93)="","",INDEX('Price List'!$I$2:$I$1352,$L93))) -> 18 | J93: =IF($L93="","",INDEX('Price List'!$J$2:$J$1352,$L93)&"") | K93: =IF($L93="","",INDEX('Price List'!$K$2:$K$1352,$L93)&"") -> Nov 7, 2023 | L93: =IF(83>$H$4,"",MATCH(83,'Price List'!$M$2:$M$1352,0)) -> 83
A94: 84 | B94: =IF($L94="","",INDEX('Price List'!$B$2:$B$1352,$L94)&"") -> NAPPCO (Nov 7, 2023 list) | C94: =IF($L94="","",INDEX('Price List'!$C$2:$C$1352,$L94)&"") -> Paperboard | D94: =IF($L94="","",INDEX('Price List'!$D$2:$D$1352,$L94)&"") -> Claycoat | E94: =IF($L94="","",INDEX('Price List'!$E$2:$E$1352,$L94)&"") -> KR / TW | F94: =IF($L94="","",INDEX('Price List'!$F$2:$F$1352,$L94)&"") -> Cal. 10 | G94: =IF($L94="","",INDEX('Price List'!$G$2:$G$1352,$L94)&"") | H94: =IF($L94="","",INDEX('Price List'!$H$2:$H$1352,$L94)&"") -> sheet | I94: =IF($L94="","",IF(INDEX('Price List'!$I$2:$I$1352,$L94)="","",INDEX('Price List'!$I$2:$I$1352,$L94))) -> 9.5 | J94: =IF($L94="","",INDEX('Price List'!$J$2:$J$1352,$L94)&"") | K94: =IF($L94="","",INDEX('Price List'!$K$2:$K$1352,$L94)&"") -> Nov 7, 2023 | L94: =IF(84>$H$4,"",MATCH(84,'Price List'!$M$2:$M$1352,0)) -> 84
A95: 85 | B95: =IF($L95="","",INDEX('Price List'!$B$2:$B$1352,$L95)&"") -> NAPPCO (Nov 7, 2023 list) | C95: =IF($L95="","",INDEX('Price List'!$C$2:$C$1352,$L95)&"") -> Paperboard | D95: =IF($L95="","",INDEX('Price List'!$D$2:$D$1352,$L95)&"") -> Carrier (All Kinds) | E95: =IF($L95="","",INDEX('Price List'!$E$2:$E$1352,$L95)&"") | F95: =IF($L95="","",INDEX('Price List'!$F$2:$F$1352,$L95)&"") -> Cal. 10 | G95: =IF($L95="","",INDEX('Price List'!$G$2:$G$1352,$L95)&"") | H95: =IF($L95="","",INDEX('Price List'!$H$2:$H$1352,$L95)&"") -> sheet | I95: =IF($L95="","",IF(INDEX('Price List'!$I$2:$I$1352,$L95)="","",INDEX('Price List'!$I$2:$I$1352,$L95))) -> 13 | J95: =IF($L95="","",INDEX('Price List'!$J$2:$J$1352,$L95)&"") | K95: =IF($L95="","",INDEX('Price List'!$K$2:$K$1352,$L95)&"") -> Nov 7, 2023 | L95: =IF(85>$H$4,"",MATCH(85,'Price List'!$M$2:$M$1352,0)) -> 85
A96: 86 | B96: =IF($L96="","",INDEX('Price List'!$B$2:$B$1352,$L96)&"") -> NAPPCO (Nov 7, 2023 list) | C96: =IF($L96="","",INDEX('Price List'!$C$2:$C$1352,$L96)&"") -> Paperboard | D96: =IF($L96="","",INDEX('Price List'!$D$2:$D$1352,$L96)&"") -> Foldcote - Sandwich | E96: =IF($L96="","",INDEX('Price List'!$E$2:$E$1352,$L96)&"") | F96: =IF($L96="","",INDEX('Price List'!$F$2:$F$1352,$L96)&"") -> Cal. 12 | G96: =IF($L96="","",INDEX('Price List'!$G$2:$G$1352,$L96)&"") | H96: =IF($L96="","",INDEX('Price List'!$H$2:$H$1352,$L96)&"") -> sheet | I96: =IF($L96="","",IF(INDEX('Price List'!$I$2:$I$1352,$L96)="","",INDEX('Price List'!$I$2:$I$1352,$L96))) -> 13 | J96: =IF($L96="","",INDEX('Price List'!$J$2:$J$1352,$L96)&"") | K96: =IF($L96="","",INDEX('Price List'!$K$2:$K$1352,$L96)&"") -> Nov 7, 2023 | L96: =IF(86>$H$4,"",MATCH(86,'Price List'!$M$2:$M$1352,0)) -> 86
A97: 87 | B97: =IF($L97="","",INDEX('Price List'!$B$2:$B$1352,$L97)&"") -> NAPPCO (Nov 7, 2023 list) | C97: =IF($L97="","",INDEX('Price List'!$C$2:$C$1352,$L97)&"") -> Paperboard | D97: =IF($L97="","",INDEX('Price List'!$D$2:$D$1352,$L97)&"") -> Foldcote - Solid | E97: =IF($L97="","",INDEX('Price List'!$E$2:$E$1352,$L97)&"") | F97: =IF($L97="","",INDEX('Price List'!$F$2:$F$1352,$L97)&"") -> Cal. 12 | G97: =IF($L97="","",INDEX('Price List'!$G$2:$G$1352,$L97)&"") | H97: =IF($L97="","",INDEX('Price List'!$H$2:$H$1352,$L97)&"") -> sheet | I97: =IF($L97="","",IF(INDEX('Price List'!$I$2:$I$1352,$L97)="","",INDEX('Price List'!$I$2:$I$1352,$L97))) -> 22.5 | J97: =IF($L97="","",INDEX('Price List'!$J$2:$J$1352,$L97)&"") | K97: =IF($L97="","",INDEX('Price List'!$K$2:$K$1352,$L97)&"") -> Nov 7, 2023 | L97: =IF(87>$H$4,"",MATCH(87,'Price List'!$M$2:$M$1352,0)) -> 87
A98: 88 | B98: =IF($L98="","",INDEX('Price List'!$B$2:$B$1352,$L98)&"") -> NAPPCO (Nov 7, 2023 list) | C98: =IF($L98="","",INDEX('Price List'!$C$2:$C$1352,$L98)&"") -> Paperboard | D98: =IF($L98="","",INDEX('Price List'!$D$2:$D$1352,$L98)&"") -> Claycoat | E98: =IF($L98="","",INDEX('Price List'!$E$2:$E$1352,$L98)&"") -> KR / TW | F98: =IF($L98="","",INDEX('Price List'!$F$2:$F$1352,$L98)&"") -> Cal. 12 | G98: =IF($L98="","",INDEX('Price List'!$G$2:$G$1352,$L98)&"") | H98: =IF($L98="","",INDEX('Price List'!$H$2:$H$1352,$L98)&"") -> sheet | I98: =IF($L98="","",IF(INDEX('Price List'!$I$2:$I$1352,$L98)="","",INDEX('Price List'!$I$2:$I$1352,$L98))) -> 10.5 | J98: =IF($L98="","",INDEX('Price List'!$J$2:$J$1352,$L98)&"") | K98: =IF($L98="","",INDEX('Price List'!$K$2:$K$1352,$L98)&"") -> Nov 7, 2023 | L98: =IF(88>$H$4,"",MATCH(88,'Price List'!$M$2:$M$1352,0)) -> 88
A99: 89 | B99: =IF($L99="","",INDEX('Price List'!$B$2:$B$1352,$L99)&"") -> NAPPCO (Nov 7, 2023 list) | C99: =IF($L99="","",INDEX('Price List'!$C$2:$C$1352,$L99)&"") -> Paperboard | D99: =IF($L99="","",INDEX('Price List'!$D$2:$D$1352,$L99)&"") -> Carrier (All Kinds) | E99: =IF($L99="","",INDEX('Price List'!$E$2:$E$1352,$L99)&"") | F99: =IF($L99="","",INDEX('Price List'!$F$2:$F$1352,$L99)&"") -> Cal. 12 | G99: =IF($L99="","",INDEX('Price List'!$G$2:$G$1352,$L99)&"") | H99: =IF($L99="","",INDEX('Price List'!$H$2:$H$1352,$L99)&"") -> sheet | I99: =IF($L99="","",IF(INDEX('Price List'!$I$2:$I$1352,$L99)="","",INDEX('Price List'!$I$2:$I$1352,$L99))) -> 14 | J99: =IF($L99="","",INDEX('Price List'!$J$2:$J$1352,$L99)&"") | K99: =IF($L99="","",INDEX('Price List'!$K$2:$K$1352,$L99)&"") -> Nov 7, 2023 | L99: =IF(89>$H$4,"",MATCH(89,'Price List'!$M$2:$M$1352,0)) -> 89
A100: 90 | B100: =IF($L100="","",INDEX('Price List'!$B$2:$B$1352,$L100)&"") -> NAPPCO (Nov 7, 2023 list) | C100: =IF($L100="","",INDEX('Price List'!$C$2:$C$1352,$L100)&"") -> Paperboard | D100: =IF($L100="","",INDEX('Price List'!$D$2:$D$1352,$L100)&"") -> Foldcote - Sandwich | E100: =IF($L100="","",INDEX('Price List'!$E$2:$E$1352,$L100)&"") | F100: =IF($L100="","",INDEX('Price List'!$F$2:$F$1352,$L100)&"") -> Cal. 15 | G100: =IF($L100="","",INDEX('Price List'!$G$2:$G$1352,$L100)&"") | H100: =IF($L100="","",INDEX('Price List'!$H$2:$H$1352,$L100)&"") -> sheet | I100: =IF($L100="","",IF(INDEX('Price List'!$I$2:$I$1352,$L100)="","",INDEX('Price List'!$I$2:$I$1352,$L100))) -> 15 | J100: =IF($L100="","",INDEX('Price List'!$J$2:$J$1352,$L100)&"") | K100: =IF($L100="","",INDEX('Price List'!$K$2:$K$1352,$L100)&"") -> Nov 7, 2023 | L100: =IF(90>$H$4,"",MATCH(90,'Price List'!$M$2:$M$1352,0)) -> 90
A101: 91 | B101: =IF($L101="","",INDEX('Price List'!$B$2:$B$1352,$L101)&"") -> NAPPCO (Nov 7, 2023 list) | C101: =IF($L101="","",INDEX('Price List'!$C$2:$C$1352,$L101)&"") -> Paperboard | D101: =IF($L101="","",INDEX('Price List'!$D$2:$D$1352,$L101)&"") -> Foldcote - Solid | E101: =IF($L101="","",INDEX('Price List'!$E$2:$E$1352,$L101)&"") | F101: =IF($L101="","",INDEX('Price List'!$F$2:$F$1352,$L101)&"") -> Cal. 15 | G101: =IF($L101="","",INDEX('Price List'!$G$2:$G$1352,$L101)&"") | H101: =IF($L101="","",INDEX('Price List'!$H$2:$H$1352,$L101)&"") -> sheet | I101: =IF($L101="","",IF(INDEX('Price List'!$I$2:$I$1352,$L101)="","",INDEX('Price List'!$I$2:$I$1352,$L101))) -> 27.5 | J101: =IF($L101="","",INDEX('Price List'!$J$2:$J$1352,$L101)&"") | K101: =IF($L101="","",INDEX('Price List'!$K$2:$K$1352,$L101)&"") -> Nov 7, 2023 | L101: =IF(91>$H$4,"",MATCH(91,'Price List'!$M$2:$M$1352,0)) -> 91
A102: 92 | B102: =IF($L102="","",INDEX('Price List'!$B$2:$B$1352,$L102)&"") -> NAPPCO (Nov 7, 2023 list) | C102: =IF($L102="","",INDEX('Price List'!$C$2:$C$1352,$L102)&"") -> Paperboard | D102: =IF($L102="","",INDEX('Price List'!$D$2:$D$1352,$L102)&"") -> Claycoat | E102: =IF($L102="","",INDEX('Price List'!$E$2:$E$1352,$L102)&"") -> KR / TW | F102: =IF($L102="","",INDEX('Price List'!$F$2:$F$1352,$L102)&"") -> Cal. 15 | G102: =IF($L102="","",INDEX('Price List'!$G$2:$G$1352,$L102)&"") | H102: =IF($L102="","",INDEX('Price List'!$H$2:$H$1352,$L102)&"") -> sheet | I102: =IF($L102="","",IF(INDEX('Price List'!$I$2:$I$1352,$L102)="","",INDEX('Price List'!$I$2:$I$1352,$L102))) -> 12.5 | J102: =IF($L102="","",INDEX('Price List'!$J$2:$J$1352,$L102)&"") -> KR 12.50 / TW 13.00 | K102: =IF($L102="","",INDEX('Price List'!$K$2:$K$1352,$L102)&"") -> Nov 7, 2023 | L102: =IF(92>$H$4,"",MATCH(92,'Price List'!$M$2:$M$1352,0)) -> 92
...

Sheet Price List
A1: ID | B1: Supplier | C1: Category | D1: Item / Brand | E1: Description / Color | F1: GSM / Caliper / Code | G1: Size | H1: Unit / Packing | I1: Price (PHP) | J1: Notes | K1: Price List Date | L1: Match | M1: Match #
A2: 1 | B2: Hi-Gloss Lamination, Inc. | C2: Lamination / Finishing Service | D2: 5D Spot Hologram (3 Designs) | H2: per sq. inch | I2: 0.018 | J2: Min. P2.00/sheet; Min. P1,500.00/job | K2: Sep 2018 | L2: =IF(AND(OR(Search!$C$4="",Search!$C$4="All",B2=Search!$C$4),OR(Search!$C$5="",Search!$C$5="All",C2=Search!$C$5),OR(Search!$C$6="",Search!$C$6="All",D2=Search!$C$6),OR(Search!$C$7="",ISNUMBER(SEARCH(Search!$C$7,D2&" "&E2&" "&F2&" "&G2&" "&H2&" "&J2))),OR(Search!$C$8="",ISNUMBER(SEARCH(Search!$C$8,G2)))),1,0) -> 1 | M2: =L2 -> 1
A3: 2 | B3: Hi-Gloss Lamination, Inc. | C3: Lamination / Finishing Service | D3: 3D Dyna Spot (Pattern) | H3: per sq. inch | I3: 0.008 | J3: Min. P1.00/sheet; Min. P1,000.00/job | K3: Sep 2018 | L3: =IF(AND(OR(Search!$C$4="",Search!$C$4="All",B3=Search!$C$4),OR(Search!$C$5="",Search!$C$5="All",C3=Search!$C$5),OR(Search!$C$6="",Search!$C$6="All",D3=Search!$C$6),OR(Search!$C$7="",ISNUMBER(SEARCH(Search!$C$7,D3&" "&E3&" "&F3&" "&G3&" "&H3&" "&J3))),OR(Search!$C$8="",ISNUMBER(SEARCH(Search!$C$8,G3)))),1,0) -> 1 | M3: =M2+L3 -> 2
A4: 3 | B4: Hi-Gloss Lamination, Inc. | C4: Lamination / Finishing Service | D4: 3D Spot (Ordinary / Semi-Heavy Duty) | H4: per sq. inch | I4: 0.006 | J4: Min. P1.00/sheet; Min. P1,000.00/job | K4: Sep 2018 | L4: =IF(AND(OR(Search!$C$4="",Search!$C$4="All",B4=Search!$C$4),OR(Search!$C$5="",Search!$C$5="All",C4=Search!$C$5),OR(Search!$C$6="",Search!$C$6="All",D4=Search!$C$6),OR(Search!$C$7="",ISNUMBER(SEARCH(Search!$C$7,D4&" "&E4&" "&F4&" "&G4&" "&H4&" "&J4))),OR(Search!$C$8="",ISNUMBER(SEARCH(Search!$C$8,G4)))),1,0) -> 1 | M4: =M3+L4 -> 3
A5: 4 | B5: Hi-Gloss Lamination, Inc. | C5: Lamination / Finishing Service | D5: 3D Spot (Heavy Duty) | H5: per sq. inch | I5: 0.009 | J5: Min. P1.00/sheet; Min. P1,000.00/job | K5: Sep 2018 | L5: =IF(AND(OR(Search!$C$4="",Search!$C$4="All",B5=Search!$C$4),OR(Search!$C$5="",Search!$C$5="All",C5=Search!$C$5),OR(Search!$C$6="",Search!$C$6="All",D5=Search!$C$6),OR(Search!$C$7="",ISNUMBER(SEARCH(Search!$C$7,D5&" "&E5&" "&F5&" "&G5&" "&H5&" "&J5))),OR(Search!$C$8="",ISNUMBER(SEARCH(Search!$C$8,G5)))),1,0) -> 1 | M5: =M4+L5 -> 4
A6: 5 | B6: Hi-Gloss Lamination, Inc. | C6: Lamination / Finishing Service | D6: 3D Glitters (Multi-Colored) | H6: per sq. inch | I6: 0.009 | J6: Min. P1.00/sheet; Min. P1,000.00/job | K6: Sep 2018 | L6: =IF(AND(OR(Search!$C$4="",Search!$C$4="All",B6=Search!$C$4),OR(Search!$C$5="",Search!$C$5="All",C6=Search!$C$5),OR(Search!$C$6="",Search!$C$6="All",D6=Search!$C$6),OR(Search!$C$7="",ISNUMBER(SEARCH(Search!$C$7,D6&" "&E6&" "&F6&" "&G6&" "&H6&" "&J6))),OR(Search!$C$8="",ISNUMBER(SEARCH(Search!$C$8,G6)))),1,0) -> 1 | M6: =M5+L6 -> 5
A7: 6 | B7: Hi-Gloss Lamination, Inc. | C7: Lamination / Finishing Service | D7: 3D Spot (Matt) | H7: per sq. inch | I7: 0.006 | J7: Min. P1.00/sheet; Min. P1,000.00/job | K7: Sep 2018 | L7: =IF(AND(OR(Search!$C$4="",Search!$C$4="All",B7=Search!$C$4),OR(Search!$C$5="",Search!$C$5="All",C7=Search!$C$5),OR(Search!$C$6="",Search!$C$6="All",D7=Search!$C$6),OR(Search!$C$7="",ISNUMBER(SEARCH(Search!$C$7,D7&" "&E7&" "&F7&" "&G7&" "&H7&" "&J7))),OR(Search!$C$8="",ISNUMBER(SEARCH(Search!$C$8,G7)))),1,0) -> 1 | M7: =M6+L7 -> 6
A8: 7 | B8: Hi-Gloss Lamination, Inc. | C8: Lamination / Finishing Service | D8: 3D Stone Finish | H8: per sq. inch | I8: 0.009 | J8: Min. P1.00/sheet; Min. P1,000.00/job | K8: Sep 2018 | L8: =IF(AND(OR(Search!$C$4="",Search!$C$4="All",B8=Search!$C$4),OR(Search!$C$5="",Search!$C$5="All",C8=Search!$C$5),OR(Search!$C$6="",Search!$C$6="All",D8=Search!$C$6),OR(Search!$C$7="",ISNUMBER(SEARCH(Search!$C$7,D8&" "&E8&" "&F8&" "&G8&" "&H8&" "&J8))),OR(Search!$C$8="",ISNUMBER(SEARCH(Search!$C$8,G8)))),1,0) -> 1 | M8: =M7+L8 -> 7
A9: 8 | B9: Hi-Gloss Lamination, Inc. | C9: Lamination / Finishing Service | D9: Texture Embossing | H9: per sq. inch | I9: 0.003 | J9: Min. P0.50/sheet; Min. P500.00/job | K9: Sep 2018 | L9: =IF(AND(OR(Search!$C$4="",Search!$C$4="All",B9=Search!$C$4),OR(Search!$C$5="",Search!$C$5="All",C9=Search!$C$5),OR(Search!$C$6="",Search!$C$6="All",D9=Search!$C$6),OR(Search!$C$7="",ISNUMBER(SEARCH(Search!$C$7,D9&" "&E9&" "&F9&" "&G9&" "&H9&" "&J9))),OR(Search!$C$8="",ISNUMBER(SEARCH(Search!$C$8,G9)))),1,0) -> 1 | M9: =M8+L9 -> 8
A10: 9 | B10: Hi-Gloss Lamination, Inc. | C10: Lamination / Finishing Service | D10: UV Coating (Full / Spot) | H10: per sq. inch | I10: 0.0025 | J10: Min. P0.60/sheet; Min. P500.00/job | K10: Sep 2018 | L10: =IF(AND(OR(Search!$C$4="",Search!$C$4="All",B10=Search!$C$4),OR(Search!$C$5="",Search!$C$5="All",C10=Search!$C$5),OR(Search!$C$6="",Search!$C$6="All",D10=Search!$C$6),OR(Search!$C$7="",ISNUMBER(SEARCH(Search!$C$7,D10&" "&E10&" "&F10&" "&G10&" "&H10&" "&J10))),OR(Search!$C$8="",ISNUMBER(SEARCH(Search!$C$8,G10)))),1,0) -> 1 | M10: =M9+L10 -> 9
A11: 10 | B11: Hi-Gloss Lamination, Inc. | C11: Lamination / Finishing Service | D11: Plastic Glossy Lamination | H11: per sq. inch | I11: 0.007 | J11: Min. P0.70/sheet; Min. P900.00/job | K11: Sep 2018 | L11: =IF(AND(OR(Search!$C$4="",Search!$C$4="All",B11=Search!$C$4),OR(Search!$C$5="",Search!$C$5="All",C11=Search!$C$5),OR(Search!$C$6="",Search!$C$6="All",D11=Search!$C$6),OR(Search!$C$7="",ISNUMBER(SEARCH(Search!$C$7,D11&" "&E11&" "&F11&" "&G11&" "&H11&" "&J11))),OR(Search!$C$8="",ISNUMBER(SEARCH(Search!$C$8,G11)))),1,0) -> 1 | M11: =M10+L11 -> 10
A12: 11 | B12: Hi-Gloss Lamination, Inc. | C12: Lamination / Finishing Service | D12: Window Lamination | H12: per sq. inch | I12: 0.009 | J12: Min. P0.90/sheet; Min. P900.00/job | K12: Sep 2018 | L12: =IF(AND(OR(Search!$C$4="",Search!$C$4="All",B12=Search!$C$4),OR(Search!$C$5="",Search!$C$5="All",C12=Search!$C$5),OR(Search!$C$6="",Search!$C$6="All",D12=Search!$C$6),OR(Search!$C$7="",ISNUMBER(SEARCH(Search!$C$7,D12&" "&E12&" "&F12&" "&G12&" "&H12&" "&J12))),OR(Search!$C$8="",ISNUMBER(SEARCH(Search!$C$8,G12)))),1,0) -> 1 | M12: =M11+L12 -> 11
A13: 12 | B13: Hi-Gloss Lamination, Inc. | C13: Lamination / Finishing Service | D13: Matt Lamination | H13: per sq. inch | I13: 0.007 | J13: Min. P0.70/sheet; Min. P900.00/job | K13: Sep 2018 | L13: =IF(AND(OR(Search!$C$4="",Search!$C$4="All",B13=Search!$C$4),OR(Search!$C$5="",Search!$C$5="All",C13=Search!$C$5),OR(Search!$C$6="",Search!$C$6="All",D13=Search!$C$6),OR(Search!$C$7="",ISNUMBER(SEARCH(Search!$C$7,D13&" "&E13&" "&F13&" "&G13&" "&H13&" "&J13))),OR(Search!$C$8="",ISNUMBER(SEARCH(Search!$C$8,G13)))),1,0) -> 1 | M13: =M12+L13 -> 12
A14: 13 | B14: Hi-Gloss Lamination, Inc. | C14: Lamination / Finishing Service | D14: Japan Blister (2 Layers) | H14: per sq. inch | I14: 0.008 | J14: Min. P0.80/sheet; Min. P500.00/job | K14: Sep 2018 | L14: =IF(AND(OR(Search!$C$4="",Search!$C$4="All",B14=Search!$C$4),OR(Search!$C$5="",Search!$C$5="All",C14=Search!$C$5),OR(Search!$C$6="",Search!$C$6="All",D14=Search!$C$6),OR(Search!$C$7="",ISNUMBER(SEARCH(Search!$C$7,D14&" "&E14&" "&F14&" "&G14&" "&H14&" "&J14))),OR(Search!$C$8="",ISNUMBER(SEARCH(Search!$C$8,G14)))),1,0) -> 1 | M14: =M13+L14 -> 13
A15: 14 | B15: Hi-Gloss Lamination, Inc. | C15: Lamination / Finishing Service | D15: Hologram Lamination | G15: Width 12" | H15: per sq. inch | I15: 0.025 | J15: Min. P2.00/sheet; Min. P1,000.00/job | K15: Sep 2018 | L15: =IF(AND(OR(Search!$C$4="",Search!$C$4="All",B15=Search!$C$4),OR(Search!$C$5="",Search!$C$5="All",C15=Search!$C$5),OR(Search!$C$6="",Search!$C$6="All",D15=Search!$C$6),OR(Search!$C$7="",ISNUMBER(SEARCH(Search!$C$7,D15&" "&E15&" "&F15&" "&G15&" "&H15&" "&J15))),OR(Search!$C$8="",ISNUMBER(SEARCH(Search!$C$8,G15)))),1,0) -> 1 | M15: =M14+L15 -> 14
A16: 15 | B16: Hi-Gloss Lamination, Inc. | C16: Lamination / Finishing Service | D16: Wax Lamination | H16: per sq. inch | I16: 0.0035 | J16: Min. P1.00/sheet; Min. P1,000.00/job | K16: Sep 2018 | L16: =IF(AND(OR(Search!$C$4="",Search!$C$4="All",B16=Search!$C$4),OR(Search!$C$5="",Search!$C$5="All",C16=Search!$C$5),OR(Search!$C$6="",Search!$C$6="All",D16=Search!$C$6),OR(Search!$C$7="",ISNUMBER(SEARCH(Search!$C$7,D16&" "&E16&" "&F16&" "&G16&" "&H16&" "&J16))),OR(Search!$C$8="",ISNUMBER(SEARCH(Search!$C$8,G16)))),1,0) -> 1 | M16: =M15+L16 -> 15
A17: 16 | B17: Hi-Gloss Lamination, Inc. | C17: Lamination / Finishing Service | D17: Velvet Soft Touch | G17: Width 12.5", 18.75", 24" | H17: per sq. inch | I17: 0.035 | J17: Min. P2.00/sheet; Min. P1,500.00/job | K17: Sep 2018 | L17: =IF(AND(OR(Search!$C$4="",Search!$C$4="All",B17=Search!$C$4),OR(Search!$C$5="",Search!$C$5="All",C17=Search!$C$5),OR(Search!$C$6="",Search!$C$6="All",D17=Search!$C$6),OR(Search!$C$7="",ISNUMBER(SEARCH(Search!$C$7,D17&" "&E17&" "&F17&" "&G17&" "&H17&" "&J17))),OR(Search!$C$8="",ISNUMBER(SEARCH(Search!$C$8,G17)))),1,0) -> 1 | M17: =M16+L17 -> 16
A18: 17 | B18: Hi-Gloss Lamination, Inc. | C18: Lamination / Finishing Service | D18: Metallized Lamination | E18: Silver | G18: Width 31" or 25" | H18: per sq. inch | I18: 0.016 | J18: Min. P2,000.00/job | K18: Sep 2018 | L18: =IF(AND(OR(Search!$C$4="",Search!$C$4="All",B18=Search!$C$4),OR(Search!$C$5="",Search!$C$5="All",C18=Search!$C$5),OR(Search!$C$6="",Search!$C$6="All",D18=Search!$C$6),OR(Search!$C$7="",ISNUMBER(SEARCH(Search!$C$7,D18&" "&E18&" "&F18&" "&G18&" "&H18&" "&J18))),OR(Search!$C$8="",ISNUMBER(SEARCH(Search!$C$8,G18)))),1,0) -> 1 | M18: =M17+L18 -> 17
A19: 18 | B19: Hi-Gloss Lamination, Inc. | C19: Lamination / Finishing Service | D19: Metallized Lamination | E19: Gold | G19: Width 31" or 25" | H19: per sq. inch | I19: 0.024 | J19: Min. P2,000.00/job | K19: Sep 2018 | L19: =IF(AND(OR(Search!$C$4="",Search!$C$4="All",B19=Search!$C$4),OR(Search!$C$5="",Search!$C$5="All",C19=Search!$C$5),OR(Search!$C$6="",Search!$C$6="All",D19=Search!$C$6),OR(Search!$C$7="",ISNUMBER(SEARCH(Search!$C$7,D19&" "&E19&" "&F19&" "&G19&" "&H19&" "&J19))),OR(Search!$C$8="",ISNUMBER(SEARCH(Search!$C$8,G19)))),1,0) -> 1 | M19: =M18+L19 -> 18
A20: 19 | B20: Hi-Gloss Lamination, Inc. | C20: Lamination / Finishing Service | D20: Metallized Lamination | E20: Red / Green | G20: Width 31" | H20: per sq. inch | I20: 0.024 | J20: Min. P2,000.00/job | K20: Sep 2018 | L20: =IF(AND(OR(Search!$C$4="",Search!$C$4="All",B20=Search!$C$4),OR(Search!$C$5="",Search!$C$5="All",C20=Search!$C$5),OR(Search!$C$6="",Search!$C$6="All",D20=Search!$C$6),OR(Search!$C$7="",ISNUMBER(SEARCH(Search!$C$7,D20&" "&E20&" "&F20&" "&G20&" "&H20&" "&J20))),OR(Search!$C$8="",ISNUMBER(SEARCH(Search!$C$8,G20)))),1,0) -> 1 | M20: =M19+L20 -> 19
A21: 20 | B21: Hi-Gloss Lamination, Inc. | C21: Lamination / Finishing Service | D21: Spot UV Blanket Charge (glue lap/expiry date) | E21: Small | G21: 23" x 28" | H21: per job | I21: 1500 | K21: Sep 2018 | L21: =IF(AND(OR(Search!$C$4="",Search!$C$4="All",B21=Search!$C$4),OR(Search!$C$5="",Search!$C$5="All",C21=Search!$C$5),OR(Search!$C$6="",Search!$C$6="All",D21=Search!$C$6),OR(Search!$C$7="",ISNUMBER(SEARCH(Search!$C$7,D21&" "&E21&" "&F21&" "&G21&" "&H21&" "&J21))),OR(Search!$C$8="",ISNUMBER(SEARCH(Search!$C$8,G21)))),1,0) -> 1 | M21: =M20+L21 -> 20
A22: 21 | B22: Hi-Gloss Lamination, Inc. | C22: Lamination / Finishing Service | D22: Spot UV Blanket Charge (glue lap/expiry date) | E22: Big | G22: 34" x 40" | H22: per job | I22: 2000 | K22: Sep 2018 | L22: =IF(AND(OR(Search!$C$4="",Search!$C$4="All",B22=Search!$C$4),OR(Search!$C$5="",Search!$C$5="All",C22=Search!$C$5),OR(Search!$C$6="",Search!$C$6="All",D22=Search!$C$6),OR(Search!$C$7="",ISNUMBER(SEARCH(Search!$C$7,D22&" "&E22&" "&F22&" "&G22&" "&H22&" "&J22))),OR(Search!$C$8="",ISNUMBER(SEARCH(Search!$C$8,G22)))),1,0) -> 1 | M22: =M21+L22 -> 21
A23: 22 | B23: Hi-Gloss Lamination, Inc. | C23: Lamination / Finishing Service | D23: 3D Spot Exposure Charge | E23: Small / medium size | G23: below 20" x 28" | H23: per design | I23: 800 | J23: Requires positive emulsion up film | K23: Sep 2018 | L23: =IF(AND(OR(Search!$C$4="",Search!$C$4="All",B23=Search!$C$4),OR(Search!$C$5="",Search!$C$5="All",C23=Search!$C$5),OR(Search!$C$6="",Search!$C$6="All",D23=Search!$C$6),OR(Search!$C$7="",ISNUMBER(SEARCH(Search!$C$7,D23&" "&E23&" "&F23&" "&G23&" "&H23&" "&J23))),OR(Search!$C$8="",ISNUMBER(SEARCH(Search!$C$8,G23)))),1,0) -> 1 | M23: =M22+L23 -> 22
A24: 23 | B24: Hi-Gloss Lamination, Inc. | C24: Lamination / Finishing Service | D24: 3D Spot Exposure Charge | E24: Large size | G24: 20" x 28" and above | H24: per design | I24: 1200 | J24: Requires positive emulsion up film | K24: Sep 2018 | L24: =IF(AND(OR(Search!$C$4="",Search!$C$4="All",B24=Search!$C$4),OR(Search!$C$5="",Search!$C$5="All",C24=Search!$C$5),OR(Search!$C$6="",Search!$C$6="All",D24=Search!$C$6),OR(Search!$C$7="",ISNUMBER(SEARCH(Search!$C$7,D24&" "&E24&" "&F24&" "&G24&" "&H24&" "&J24))),OR(Search!$C$8="",ISNUMBER(SEARCH(Search!$C$8,G24)))),1,0) -> 1 | M24: =M23+L24 -> 23
A25: 24 | B25: Hi-Gloss Lamination, Inc. | C25: Lamination / Finishing Service | D25: 3D Spot - Digital Jobs | E25: Minimum charge | H25: per job | I25: 1500 | K25: Sep 2018 | L25: =IF(AND(OR(Search!$C$4="",Search!$C$4="All",B25=Search!$C$4),OR(Search!$C$5="",Search!$C$5="All",C25=Search!$C$5),OR(Search!$C$6="",Search!$C$6="All",D25=Search!$C$6),OR(Search!$C$7="",ISNUMBER(SEARCH(Search!$C$7,D25&" "&E25&" "&F25&" "&G25&" "&H25&" "&J25))),OR(Search!$C$8="",ISNUMBER(SEARCH(Search!$C$8,G25)))),1,0) -> 1 | M25: =M24+L25 -> 24
A26: 25 | B26: Commerce Asia, Inc. | C26: Lamination Film | D26: Thermal OPP Film (for offset) | E26: Glossy/25, 58mm core | F26: 23110-0305-1000-58 | G26: 305mm (12 in) x 1000M | H26: roll | I26: 2716 | J26: SRP P4,850.00 less 44% discount | K26: Jul 20, 2026 | L26: =IF(AND(OR(Search!$C$4="",Search!$C$4="All",B26=Search!$C$4),OR(Search!$C$5="",Search!$C$5="All",C26=Search!$C$5),OR(Search!$C$6="",Search!$C$6="All",D26=Search!$C$6),OR(Search!$C$7="",ISNUMBER(SEARCH(Search!$C$7,D26&" "&E26&" "&F26&" "&G26&" "&H26&" "&J26))),OR(Search!$C$8="",ISNUMBER(SEARCH(Search!$C$8,G26)))),1,0) -> 1 | M26: =M25+L26 -> 25
A27: 26 | B27: Commerce Asia, Inc. | C27: Lamination Film | D27: Thermal OPP Film (for offset) | E27: Glossy/25, 58mm core | F27: 23110-0320-1000-58 | G27: 320mm (12.6 in) x 1000M | H27: roll | I27: 2861.6 | J27: SRP P5,110.00 less 44% discount | K27: Jul 20, 2026 | L27: =IF(AND(OR(Search!$C$4="",Search!$C$4="All",B27=Search!$C$4),OR(Search!$C$5="",Search!$C$5="All",C27=Search!$C$5),OR(Search!$C$6="",Search!$C$6="All",D27=Search!$C$6),OR(Search!$C$7="",ISNUMBER(SEARCH(Search!$C$7,D27&" "&E27&" "&F27&" "&G27&" "&H27&" "&J27))),OR(Search!$C$8="",ISNUMBER(SEARCH(Search!$C$8,G27)))),1,0) -> 1 | M27: =M26+L27 -> 26
A28: 27 | B28: Commerce Asia, Inc. | C28: Lamination Film | D28: Thermal OPP Film (for offset) | E28: Glossy/25, 58mm core | F28: 23110-0330-1000-58 | G28: 330mm (13 in) x 1000M | H28: roll | I28: 2940 | J28: SRP P5,250.00 less 44% discount | K28: Jul 20, 2026 | L28: =IF(AND(OR(Search!$C$4="",Search!$C$4="All",B28=Search!$C$4),OR(Search!$C$5="",Search!$C$5="All",C28=Search!$C$5),OR(Search!$C$6="",Search!$C$6="All",D28=Search!$C$6),OR(Search!$C$7="",ISNUMBER(SEARCH(Search!$C$7,D28&" "&E28&" "&F28&" "&G28&" "&H28&" "&J28))),OR(Search!$C$8="",ISNUMBER(SEARCH(Search!$C$8,G28)))),1,0) -> 1 | M28: =M27+L28 -> 27
A29: 28 | B29: Commerce Asia, Inc. | C29: Lamination Film | D29: Thermal OPP Film (for offset) | E29: Glossy/25, 58mm core | F29: 23110-0360-1000-58 | G29: 360mm (14.17 in) x 1000M | H29: roll | I29: 3203.2 | J29: SRP P5,720.00 less 44% discount | K29: Jul 20, 2026 | L29: =IF(AND(OR(Search!$C$4="",Search!$C$4="All",B29=Search!$C$4),OR(Search!$C$5="",Search!$C$5="All",C29=Search!$C$5),OR(Search!$C$6="",Search!$C$6="All",D29=Search!$C$6),OR(Search!$C$7="",ISNUMBER(SEARCH(Search!$C$7,D29&" "&E29&" "&F29&" "&G29&" "&H29&" "&J29))),OR(Search!$C$8="",ISNUMBER(SEARCH(Search!$C$8,G29)))),1,0) -> 1 | M29: =M28+L29 -> 28
A30: 29 | B30: Commerce Asia, Inc. | C30: Lamination Film | D30: Thermal OPP Film (for offset) | E30: Glossy/25, 58mm core | F30: 23110-0385-1000-58 | G30: 385mm (15.16 in) x 1000M | H30: roll | I30: 3444 | J30: SRP P6,150.00 less 44% discount | K30: Jul 20, 2026 | L30: =IF(AND(OR(Search!$C$4="",Search!$C$4="All",B30=Search!$C$4),OR(Search!$C$5="",Search!$C$5="All",C30=Search!$C$5),OR(Search!$C$6="",Search!$C$6="All",D30=Search!$C$6),OR(Search!$C$7="",ISNUMBER(SEARCH(Search!$C$7,D30&" "&E30&" "&F30&" "&G30&" "&H30&" "&J30))),OR(Search!$C$8="",ISNUMBER(SEARCH(Search!$C$8,G30)))),1,0) -> 1 | M30: =M29+L30 -> 29
A31: 30 | B31: Commerce Asia, Inc. | C31: Lamination Film | D31: Thermal OPP Film (for offset) | E31: Glossy/25, 58mm core | F31: 23110-0410-1000-58 | G31: 410mm (16.14 in) x 1000M | H31: roll | I31: 3651.2 | J31: SRP P6,520.00 less 44% discount | K31: Jul 20, 2026 | L31: =IF(AND(OR(Search!$C$4="",Search!$C$4="All",B31=Search!$C$4),OR(Search!$C$5="",Search!$C$5="All",C31=Search!$C$5),OR(Search!$C$6="",Search!$C$6="All",D31=Search!$C$6),OR(Search!$C$7="",ISNUMBER(SEARCH(Search!$C$7,D31&" "&E31&" "&F31&" "&G31&" "&H31&" "&J31))),OR(Search!$C$8="",ISNUMBER(SEARCH(Search!$C$8,G31)))),1,0) -> 1 | M31: =M30+L31 -> 30
A32: 31 | B32: Commerce Asia, Inc. | C32: Lamination Film | D32: Thermal OPP Film (for offset) | E32: Glossy/25, 58mm core | F32: 23110-0432-1000-58 | G32: 432mm (17 in) x 1000M | H32: roll | I32: 3864 | J32: SRP P6,900.00 less 44% discount | K32: Jul 20, 2026 | L32: =IF(AND(OR(Search!$C$4="",Search!$C$4="All",B32=Search!$C$4),OR(Search!$C$5="",Search!$C$5="All",C32=Search!$C$5),OR(Search!$C$6="",Search!$C$6="All",D32=Search!$C$6),OR(Search!$C$7="",ISNUMBER(SEARCH(Search!$C$7,D32&" "&E32&" "&F32&" "&G32&" "&H32&" "&J32))),OR(Search!$C$8="",ISNUMBER(SEARCH(Search!$C$8,G32)))),1,0) -> 1 | M32: =M31+L32 -> 31
A33: 32 | B33: Commerce Asia, Inc. | C33: Lamination Film | D33: Thermal OPP Film (for offset) | E33: Glossy/25, 58mm core | F33: 23110-0460-1000-58 | G33: 460mm (18.11 in) x 1000M | H33: roll | I33: 4088 | J33: SRP P7,300.00 less 44% discount | K33: Jul 20, 2026 | L33: =IF(AND(OR(Search!$C$4="",Search!$C$4="All",B33=Search!$C$4),OR(Search!$C$5="",Search!$C$5="All",C33=Search!$C$5),OR(Search!$C$6="",Search!$C$6="All",D33=Search!$C$6),OR(Search!$C$7="",ISNUMBER(SEARCH(Search!$C$7,D33&" "&E33&" "&F33&" "&G33&" "&H33&" "&J33))),OR(Search!$C$8="",ISNUMBER(SEARCH(Search!$C$8,G33)))),1,0) -> 1 | M33: =M32+L33 -> 32
A34: 33 | B34: Commerce Asia, Inc. | C34: Lamination Film | D34: Thermal OPP Film (for offset) | E34: Glossy/25, 58mm core | F34: 23110-0485-1000-58 | G34: 485mm (19.09 in) x 1000M | H34: roll | I34: 4340 | J34: SRP P7,750.00 less 44% discount | K34: Jul 20, 2026 | L34: =IF(AND(OR(Search!$C$4="",Search!$C$4="All",B34=Search!$C$4),OR(Search!$C$5="",Search!$C$5="All",C34=Search!$C$5),OR(Search!$C$6="",Search!$C$6="All",D34=Search!$C$6),OR(Search!$C$7="",ISNUMBER(SEARCH(Search!$C$7,D34&" "&E34&" "&F34&" "&G34&" "&H34&" "&J34))),OR(Search!$C$8="",ISNUMBER(SEARCH(Search!$C$8,G34)))),1,0) -> 1 | M34: =M33+L34 -> 33
A35: 34 | B35: Commerce Asia, Inc. | C35: Lamination Film | D35: Thermal OPP Film (for offset) | E35: Glossy/25, 58mm core | F35: 23110-0635-1000-58 | G35: 635mm (25 in) x 1000M | H35: roll | I35: 5656 | J35: SRP P10,100.00 less 44% discount | K35: Jul 20, 2026 | L35: =IF(AND(OR(Search!$C$4="",Search!$C$4="All",B35=Search!$C$4),OR(Search!$C$5="",Search!$C$5="All",C35=Search!$C$5),OR(Search!$C$6="",Search!$C$6="All",D35=Search!$C$6),OR(Search!$C$7="",ISNUMBER(SEARCH(Search!$C$7,D35&" "&E35&" "&F35&" "&G35&" "&H35&" "&J35))),OR(Search!$C$8="",ISNUMBER(SEARCH(Search!$C$8,G35)))),1,0) -> 1 | M35: =M34+L35 -> 34
A36: 35 | B36: Commerce Asia, Inc. | C36: Lamination Film | D36: Thermal OPP Film (for offset) | E36: Matt/28, 58mm core | F36: 23111-0305-1000-58 | G36: 305mm (12 in) x 1000M | H36: roll | I36: 3528 | J36: SRP P6,300.00 less 44% discount | K36: Jul 20, 2026 | L36: =IF(AND(OR(Search!$C$4="",Search!$C$4="All",B36=Search!$C$4),OR(Search!$C$5="",Search!$C$5="All",C36=Search!$C$5),OR(Search!$C$6="",Search!$C$6="All",D36=Search!$C$6),OR(Search!$C$7="",ISNUMBER(SEARCH(Search!$C$7,D36&" "&E36&" "&F36&" "&G36&" "&H36&" "&J36))),OR(Search!$C$8="",ISNUMBER(SEARCH(Search!$C$8,G36)))),1,0) -> 1 | M36: =M35+L36 -> 35
A37: 36 | B37: Commerce Asia, Inc. | C37: Lamination Film | D37: Thermal OPP Film (for offset) | E37: Matt/28, 58mm core | F37: 23111-0320-1000-58 | G37: 320mm (12.6 in) x 1000M | H37: roll | I37: 3690.4 | J37: SRP P6,590.00 less 44% discount | K37: Jul 20, 2026 | L37: =IF(AND(OR(Search!$C$4="",Search!$C$4="All",B37=Search!$C$4),OR(Search!$C$5="",Search!$C$5="All",C37=Search!$C$5),OR(Search!$C$6="",Search!$C$6="All",D37=Search!$C$6),OR(Search!$C$7="",ISNUMBER(SEARCH(Search!$C$7,D37&" "&E37&" "&F37&" "&G37&" "&H37&" "&J37))),OR(Search!$C$8="",ISNUMBER(SEARCH(Search!$C$8,G37)))),1,0) -> 1 | M37: =M36+L37 -> 36
... A52: 51 | B52: Commerce Asia, Inc. | C52: Lamination Film | D52: Thermal PET Film (offset & digital) | E52: Matt/32-G, 58mm core | F52: 21103-0457-150-G58 | G52: 457mm (18 in) x 150M | H52: roll | I52: 4425 | J52: SRP P5,900.00 less 25% discount | K52: Jul 20, 2026 | L52: =IF(AND(OR(Search!$C$4="",Search!$C$4="All",B52=Search!$C$4),OR(Search!$C$5="",Search!$C$5="All",C52=Search!$C$5),OR(Search!$C$6="",Search!$C$6="All",D52=Search!$C$6),OR(Search!$C$7="",ISNUMBER(SEARCH(Search!$C$7,D52&" "&E52&" "&F52&" "&G52&" "&H52&" "&J52))),OR(Search!$C$8="",ISNUMBER(SEARCH(Search!$C$8,G52)))),1,0) -> 1 | M52: =M51+L52 -> 51
A53: 52 | B53: Crosspoint Paper (Silang, Cavite) | C53: Newsprint | D53: Newsprint | F53: 52 gsm | G53: 24 x 36 | H53: ream | I53: 730 | K53: 2025 | L53: =IF(AND(OR(Search!$C$4="",Search!$C$4="All",B53=Search!$C$4),OR(Search!$C$5="",Search!$C$5="All",C53=Search!$C$5),OR(Search!$C$6="",Search!$C$6="All",D53=Search!$C$6),OR(Search!$C$7="",ISNUMBER(SEARCH(Search!$C$7,D53&" "&E53&" "&F53&" "&G53&" "&H53&" "&J53))),OR(Search!$C$8="",ISNUMBER(SEARCH(Search!$C$8,G53)))),1,0) -> 1 | M53: =M52+L53 -> 52
A54: 53 | B54: Crosspoint Paper (Silang, Cavite) | C54: Newsprint | D54: Newsprint | F54: 52 gsm | G54: 34 x 28 | H54: ream | I54: 804.35 | K54: 2025 | L54: =IF(AND(OR(Search!$C$4="",Search!$C$4="All",B54=Search!$C$4),OR(Search!$C$5="",Search!$C$5="All",C54=Search!$C$5),OR(Search!$C$6="",Search!$C$6="All",D54=Search!$C$6),OR(Search!$C$7="",ISNUMBER(SEARCH(Search!$C$7,D54&" "&E54&" "&F54&" "&G54&" "&H54&" "&J54))),OR(Search!$C$8="",ISNUMBER(SEARCH(Search!$C$8,G54)))),1,0) -> 1 | M54: =M53+L54 -> 53
A55: 54 | B55: Crosspoint Paper (Silang, Cavite) | C55: Newsprint | D55: Newsprint | F55: 52 gsm | G55: 34 x 22 | H55: ream | I55: 632 | K55: 2025 | L55: =IF(AND(OR(Search!$C$4="",Search!$C$4="All",B55=Search!$C$4),OR(Search!$C$5="",Search!$C$5="All",C55=Search!$C$5),OR(Search!$C$6="",Search!$C$6="All",D55=Search!$C$6),OR(Search!$C$7="",ISNUMBER(SEARCH(Search!$C$7,D55&" "&E55&" "&F55&" "&G55&" "&H55&" "&J55))),OR(Search!$C$8="",ISNUMBER(SEARCH(Search!$C$8,G55)))),1,0) -> 1 | M55: =M54+L55 -> 54
A56: 55 | B56: Crosspoint Paper (Silang, Cavite) | C56: Newsprint | D56: Newsprint | F56: 48.8 gsm | G56: 24 x 36 | H56: ream | I56: 698.83 | K56: 2025 | L56: =IF(AND(OR(Search!$C$4="",Search!$C$4="All",B56=Search!$C$4),OR(Search!$C$5="",Search!$C$5="All",C56=Search!$C$5),OR(Search!$C$6="",Search!$C$6="All",D56=Search!$C$6),OR(Search!$C$7="",ISNUMBER(SEARCH(Search!$C$7,D56&" "&E56&" "&F56&" "&G56&" "&H56&" "&J56))),OR(Search!$C$8="",ISNUMBER(SEARCH(Search!$C$8,G56)))),1,0) -> 1 | M56: =M55+L56 -> 55
A57: 56 | B57: Crosspoint Paper (Silang, Cavite) | C57: Newsprint | D57: Newsprint | F57: 48.8 gsm | G57: 34 x 28 | H57: ream | I57: 770 | K57: 2025 | L57: =IF(AND(OR(Search!$C$4="",Search!$C$4="All",B57=Search!$C$4),OR(Search!$C$5="",Search!$C$5="All",C57=Search!$C$5),OR(Search!$C$6="",Search!$C$6="All",D57=Search!$C$6),OR(Search!$C$7="",ISNUMBER(SEARCH(Search!$C$7,D57&" "&E57&" "&F57&" "&G57&" "&H57&" "&J57))),OR(Search!$C$8="",ISNUMBER(SEARCH(Search!$C$8,G57)))),1,0) -> 1 | M57: =M56+L57 -> 56
A58: 57 | B58: Crosspoint Paper (Silang, Cavite) | C58: Newsprint | D58: Newsprint | F58: 48.8 gsm | G58: 34 x 22 | H58: ream | I58: 605 | K58: 2025 | L58: =IF(AND(OR(Search!$C$4="",Search!$C$4="All",B58=Search!$C$4),OR(Search!$C$5="",Search!$C$5="All",C58=Search!$C$5),OR(Search!$C$6="",Search!$C$6="All",D58=Search!$C$6),OR(Search!$C$7="",ISNUMBER(SEARCH(Search!$C$7,D58&" "&E58&" "&F58&" "&G58&" "&H58&" "&J58))),OR(Search!$C$8="",ISNUMBER(SEARCH(Search!$C$8,G58)))),1,0) -> 1 | M58: =M57+L58 -> 57
A59: 58 | B59: Crosspoint Paper (Silang, Cavite) | C59: Book Paper | D59: Book 40# | E59: Ream weight 32 lbs | F59: sub 18 / 60 gsm | G59: 22 x 34 | H59: ream | I59: 880 | K59: 2025 | L59: =IF(AND(OR(Search!$C$4="",Search!$C$4="All",B59=Search!$C$4),OR(Search!$C$5="",Search!$C$5="All",C59=Search!$C$5),OR(Search!$C$6="",Search!$C$6="All",D59=Search!$C$6),OR(Search!$C$7="",ISNUMBER(SEARCH(Search!$C$7,D59&" "&E59&" "&F59&" "&G59&" "&H59&" "&J59))),OR(Search!$C$8="",ISNUMBER(SEARCH(Search!$C$8,G59)))),1,0) -> 1 | M59: =M58+L59 -> 58
A60: 59 | B60: Crosspoint Paper (Silang, Cavite) | C60: Book Paper | D60: Book 40# | E60: Ream weight 32 lbs | F60: sub 18 / 60 gsm | G60: 34 x 22 | H60: ream | I60: 880 | K60: 2025 | L60: =IF(AND(OR(Search!$C$4="",Search!$C$4="All",B60=Search!$C$4),OR(Search!$C$5="",Search!$C$5="All",C60=Search!$C$5),OR(Search!$C$6="",Search!$C$6="All",D60=Search!$C$6),OR(Search!$C$7="",ISNUMBER(SEARCH(Search!$C$7,D60&" "&E60&" "&F60&" "&G60&" "&H60&" "&J60))),OR(Search!$C$8="",ISNUMBER(SEARCH(Search!$C$8,G60)))),1,0) -> 1 | M60: =M59+L60 -> 59
A61: 60 | B61: Crosspoint Paper (Silang, Cavite) | C61: Book Paper | D61: Book 40# | E61: Ream weight 41 lbs | F61: sub 18 / 60 gsm | G61: 34 x 28 | H61: ream | I61: 1127.5 | K61: 2025 | L61: =IF(AND(OR(Search!$C$4="",Search!$C$4="All",B61=Search!$C$4),OR(Search!$C$5="",Search!$C$5="All",C61=Search!$C$5),OR(Search!$C$6="",Search!$C$6="All",D61=Search!$C$6),OR(Search!$C$7="",ISNUMBER(SEARCH(Search!$C$7,D61&" "&E61&" "&F61&" "&G61&" "&H61&" "&J61))),OR(Search!$C$8="",ISNUMBER(SEARCH(Search!$C$8,G61)))),1,0) -> 1 | M61: =M60+L61 -> 60
A62: 61 | B62: Crosspoint Paper (Silang, Cavite) | C62: Book Paper | D62: Book 40# | E62: Ream weight 40 lbs | F62: sub 18 / 60 gsm | G62: 25 x 38 | H62: ream | I62: 1100 | K62: 2025 | L62: =IF(AND(OR(Search!$C$4="",Search!$C$4="All",B62=Search!$C$4),OR(Search!$C$5="",Search!$C$5="All",C62=Search!$C$5),OR(Search!$C$6="",Search!$C$6="All",D62=Search!$C$6),OR(Search!$C$7="",ISNUMBER(SEARCH(Search!$C$7,D62&" "&E62&" "&F62&" "&G62&" "&H62&" "&J62))),OR(Search!$C$8="",ISNUMBER(SEARCH(Search!$C$8,G62)))),1,0) -> 1 | M62: =M61+L62 -> 61
A63: 62 | B63: Crosspoint Paper (Silang, Cavite) | C63: Book Paper | D63: Book 40# | E63: Ream weight 40 lbs | F63: sub 18 / 60 gsm | G63: 38 x 25 | H63: ream | I63: 1100 | K63: 2025 | L63: =IF(AND(OR(Search!$C$4="",Search!$C$4="All",B63=Search!$C$4),OR(Search!$C$5="",Search!$C$5="All",C63=Search!$C$5),OR(Search!$C$6="",Search!$C$6="All",D63=Search!$C$6),OR(Search!$C$7="",ISNUMBER(SEARCH(Search!$C$7,D63&" "&E63&" "&F63&" "&G63&" "&H63&" "&J63))),OR(Search!$C$8="",ISNUMBER(SEARCH(Search!$C$8,G63)))),1,0) -> 1 | M63: =M62+L63 -> 62
A64: 63 | B64: Crosspoint Paper (Silang, Cavite) | C64: Book Paper | D64: Book 40# | E64: Ream weight 40 lbs | F64: sub 18 / 60 gsm | G64: 25 x 34 | H64: ream | I64: 984.21 | K64: 2025 | L64: =IF(AND(OR(Search!$C$4="",Search!$C$4="All",B64=Search!$C$4),OR(Search!$C$5="",Search!$C$5="All",C64=Search!$C$5),OR(Search!$C$6="",Search!$C$6="All",D64=Search!$C$6),OR(Search!$C$7="",ISNUMBER(SEARCH(Search!$C$7,D64&" "&E64&" "&F64&" "&G64&" "&H64&" "&J64))),OR(Search!$C$8="",ISNUMBER(SEARCH(Search!$C$8,G64)))),1,0) -> 1 | M64: =M63+L64 -> 63
A65: 64 | B65: Crosspoint Paper (Silang, Cavite) | C65: Book Paper | D65: Book 50# | E65: Ream weight 40 lbs | F65: sub 20 / 70 gsm | G65: 34 x 22 | H65: ream | I65: 1040 | K65: 2025 | L65: =IF(AND(OR(Search!$C$4="",Search!$C$4="All",B65=Search!$C$4),OR(Search!$C$5="",Search!$C$5="All",C65=Search!$C$5),OR(Search!$C$6="",Search!$C$6="All",D65=Search!$C$6),OR(Search!$C$7="",ISNUMBER(SEARCH(Search!$C$7,D65&" "&E65&" "&F65&" "&G65&" "&H65&" "&J65))),OR(Search!$C$8="",ISNUMBER(SEARCH(Search!$C$8,G65)))),1,0) -> 1 | M65: =M64+L65 -> 64
A66: 65 | B66: Crosspoint Paper (Silang, Cavite) | C66: Book Paper | D66: Book 50# | E66: Ream weight 40 lbs | F66: sub 20 / 70 gsm | G66: 22 x 34 | H66: ream | I66: 1040 | K66: 2025 | L66: =IF(AND(OR(Search!$C$4="",Search!$C$4="All",B66=Search!$C$4),OR(Search!$C$5="",Search!$C$5="All",C66=Search!$C$5),OR(Search!$C$6="",Search!$C$6="All",D66=Search!$C$6),OR(Search!$C$7="",ISNUMBER(SEARCH(Search!$C$7,D66&" "&E66&" "&F66&" "&G66&" "&H66&" "&J66))),OR(Search!$C$8="",ISNUMBER(SEARCH(Search!$C$8,G66)))),1,0) -> 1 | M66: =M65+L66 -> 65
A67: 66 | B67: Crosspoint Paper (Silang, Cavite) | C67: Book Paper | D67: Book 50# | E67: Ream weight 51 lbs | F67: sub 20 / 70 gsm | G67: 34 x 28 | H67: ream | I67: 1326 | K67: 2025 | L67: =IF(AND(OR(Search!$C$4="",Search!$C$4="All",B67=Search!$C$4),OR(Search!$C$5="",Search!$C$5="All",C67=Search!$C$5),OR(Search!$C$6="",Search!$C$6="All",D67=Search!$C$6),OR(Search!$C$7="",ISNUMBER(SEARCH(Search!$C$7,D67&" "&E67&" "&F67&" "&G67&" "&H67&" "&J67))),OR(Search!$C$8="",ISNUMBER(SEARCH(Search!$C$8,G67)))),1,0) -> 1 | M67: =M66+L67 -> 66
A68: 67 | B68: Crosspoint Paper (Silang, Cavite) | C68: Book Paper | D68: Book 50# | E68: Ream weight 50 lbs | F68: sub 20 / 70 gsm | G68: 25 x 38 | H68: ream | I68: 1300 | K68: 2025 | L68: =IF(AND(OR(Search!$C$4="",Search!$C$4="All",B68=Search!$C$4),OR(Search!$C$5="",Search!$C$5="All",C68=Search!$C$5),OR(Search!$C$6="",Search!$C$6="All",D68=Search!$C$6),OR(Search!$C$7="",ISNUMBER(SEARCH(Search!$C$7,D68&" "&E68&" "&F68&" "&G68&" "&H68&" "&J68))),OR(Search!$C$8="",ISNUMBER(SEARCH(Search!$C$8,G68)))),1,0) -> 1 | M68: =M67+L68 -> 67
A69: 68 | B69: Crosspoint Paper (Silang, Cavite) | C69: Book Paper | D69: Book 50# | E69: Ream weight 50 lbs | F69: sub 20 / 70 gsm | G69: 38 x 25 | H69: ream | I69: 1300 | K69: 2025 | L69: =IF(AND(OR(Search!$C$4="",Search!$C$4="All",B69=Search!$C$4),OR(Search!$C$5="",Search!$C$5="All",C69=Search!$C$5),OR(Search!$C$6="",Search!$C$6="All",D69=Search!$C$6),OR(Search!$C$7="",ISNUMBER(SEARCH(Search!$C$7,D69&" "&E69&" "&F69&" "&G69&" "&H69&" "&J69))),OR(Search!$C$8="",ISNUMBER(SEARCH(Search!$C$8,G69)))),1,0) -> 1 | M69: =M68+L69 -> 68
A70: 69 | B70: Crosspoint Paper (Silang, Cavite) | C70: Book Paper | D70: Book 60# | E70: Ream weight 48 lbs | F70: sub 24 / 80 gsm | G70: 34 x 22 | H70: ream | I70: 1224 | K70: 2025 | L70: =IF(AND(OR(Search!$C$4="",Search!$C$4="All",B70=Search!$C$4),OR(Search!$C$5="",Search!$C$5="All",C70=Search!$C$5),OR(Search!$C$6="",Search!$C$6="All",D70=Search!$C$6),OR(Search!$C$7="",ISNUMBER(SEARCH(Search!$C$7,D70&" "&E70&" "&F70&" "&G70&" "&H70&" "&J70))),OR(Search!$C$8="",ISNUMBER(SEARCH(Search!$C$8,G70)))),1,0) -> 1 | M70: =M69+L70 -> 69
... A79: 78 | B79: Crosspoint Paper (Silang, Cavite) | C79: Book Paper | D79: Book 80# | E79: Ream weight 80 lbs | F79: 120 gsm | G79: 25 x 38 | H79: ream | I79: 2080 | K79: 2025 | L79: =IF(AND(OR(Search!$C$4="",Search!$C$4="All",B79=Search!$C$4),OR(Search!$C$5="",Search!$C$5="All",C79=Search!$C$5),OR(Search!$C$6="",Search!$C$6="All",D79=Search!$C$6),OR(Search!$C$7="",ISNUMBER(SEARCH(Search!$C$7,D79&" "&E79&" "&F79&" "&G79&" "&H79&" "&J79))),OR(Search!$C$8="",ISNUMBER(SEARCH(Search!$C$8,G79)))),1,0) -> 1 | M79: =M78+L79 -> 78
A80: 79 | B80: Crosspoint Paper (Silang, Cavite) | C80: Book Paper | D80: Book 50# | E80: Price per lb (reference) | F80: 70 gsm | H80: per lb | I80: 26 | J80: Per-lb rate shown on price list | K80: 2025 | L80: =IF(AND(OR(Search!$C$4="",Search!$C$4="All",B80=Search!$C$4),OR(Search!$C$5="",Search!$C$5="All",C80=Search!$C$5),OR(Search!$C$6="",Search!$C$6="All",D80=Search!$C$6),OR(Search!$C$7="",ISNUMBER(SEARCH(Search!$C$7,D80&" "&E80&" "&F80&" "&G80&" "&H80&" "&J80))),OR(Search!$C$8="",ISNUMBER(SEARCH(Search!$C$8,G80)))),1,0) -> 1 | M80: =M79+L80 -> 79
A81: 80 | B81: Crosspoint Paper (Silang, Cavite) | C81: Book Paper | D81: Book 70# | E81: Price per lb (reference) | F81: 100 gsm | G81: 22 x 34 | H81: per lb | I81: 25.5 | J81: Per-lb rate shown on price list | K81: 2025 | L81: =IF(AND(OR(Search!$C$4="",Search!$C$4="All",B81=Search!$C$4),OR(Search!$C$5="",Search!$C$5="All",C81=Search!$C$5),OR(Search!$C$6="",Search!$C$6="All",D81=Search!$C$6),OR(Search!$C$7="",ISNUMBER(SEARCH(Search!$C$7,D81&" "&E81&" "&F81&" "&G81&" "&H81&" "&J81))),OR(Search!$C$8="",ISNUMBER(SEARCH(Search!$C$8,G81)))),1,0) -> 1 | M81: =M80+L81 -> 80
A82: 81 | B82: Crosspoint Paper (Silang, Cavite) | C82: Book Paper | D82: Book 80# | E82: Price per lb (reference) | F82: 120 gsm | H82: per lb | I82: 26 | J82: Per-lb rate shown on price list | K82: 2025 | L82: =IF(AND(OR(Search!$C$4="",Search!$C$4="All",B82=Search!$C$4),OR(Search!$C$5="",Search!$C$5="All",C82=Search!$C$5),OR(Search!$C$6="",Search!$C$6="All",D82=Search!$C$6),OR(Search!$C$7="",ISNUMBER(SEARCH(Search!$C$7,D82&" "&E82&" "&F82&" "&G82&" "&H82&" "&J82))),OR(Search!$C$8="",ISNUMBER(SEARCH(Search!$C$8,G82)))),1,0) -> 1 | M82: =M81+L82 -> 81
A83: 82 | B83: NAPPCO (Nov 7, 2023 list) | C83: Paperboard | D83: Foldcote - Sandwich | F83: Cal. 10 | H83: sheet | I83: 11 | K83: Nov 7, 2023 | L83: =IF(AND(OR(Search!$C$4="",Search!$C$4="All",B83=Search!$C$4),OR(Search!$C$5="",Search!$C$5="All",C83=Search!$C$5),OR(Search!$C$6="",Search!$C$6="All",D83=Search!$C$6),OR(Search!$C$7="",ISNUMBER(SEARCH(Search!$C$7,D83&" "&E83&" "&F83&" "&G83&" "&H83&" "&J83))),OR(Search!$C$8="",ISNUMBER(SEARCH(Search!$C$8,G83)))),1,0) -> 1 | M83: =M82+L83 -> 82
A84: 83 | B84: NAPPCO (Nov 7, 2023 list) | C84: Paperboard | D84: Foldcote - Solid | F84: Cal. 10 | H84: sheet | I84: 18 | K84: Nov 7, 2023 | L84: =IF(AND(OR(Search!$C$4="",Search!$C$4="All",B84=Search!$C$4),OR(Search!$C$5="",Search!$C$5="All",C84=Search!$C$5),OR(Search!$C$6="",Search!$C$6="All",D84=Search!$C$6),OR(Search!$C$7="",ISNUMBER(SEARCH(Search!$C$7,D84&" "&E84&" "&F84&" "&G84&" "&H84&" "&J84))),OR(Search!$C$8="",ISNUMBER(SEARCH(Search!$C$8,G84)))),1,0) -> 1 | M84: =M83+L84 -> 83
A85: 84 | B85: NAPPCO (Nov 7, 2023 list) | C85: Paperboard | D85: Claycoat | E85: KR / TW | F85: Cal. 10 | H85: sheet | I85: 9.5 | K85: Nov 7, 2023 | L85: =IF(AND(OR(Search!$C$4="",Search!$C$4="All",B85=Search!$C$4),OR(Search!$C$5="",Search!$C$5="All",C85=Search!$C$5),OR(Search!$C$6="",Search!$C$6="All",D85=Search!$C$6),OR(Search!$C$7="",ISNUMBER(SEARCH(Search!$C$7,D85&" "&E85&" "&F85&" "&G85&" "&H85&" "&J85))),OR(Search!$C$8="",ISNUMBER(SEARCH(Search!$C$8,G85)))),1,0) -> 1 | M85: =M84+L85 -> 84
A86: 85 | B86: NAPPCO (Nov 7, 2023 list) | C86: Paperboard | D86: Carrier (All Kinds) | F86: Cal. 10 | H86: sheet | I86: 13 | K86: Nov 7, 2023 | L86: =IF(AND(OR(Search!$C$4="",Search!$C$4="All",B86=Search!$C$4),OR(Search!$C$5="",Search!$C$5="All",C86=Search!$C$5),OR(Search!$C$6="",Search!$C$6="All",D86=Search!$C$6),OR(Search!$C$7="",ISNUMBER(SEARCH(Search!$C$7,D86&" "&E86&" "&F86&" "&G86&" "&H86&" "&J86))),OR(Search!$C$8="",ISNUMBER(SEARCH(Search!$C$8,G86)))),1,0) -> 1 | M86: =M85+L86 -> 85
A87: 86 | B87: NAPPCO (Nov 7, 2023 list) | C87: Paperboard | D87: Foldcote - Sandwich | F87: Cal. 12 | H87: sheet | I87: 13 | K87: Nov 7, 2023 | L87: =IF(AND(OR(Search!$C$4="",Search!$C$4="All",B87=Search!$C$4),OR(Search!$C$5="",Search!$C$5="All",C87=Search!$C$5),OR(Search!$C$6="",Search!$C$6="All",D87=Search!$C$6),OR(Search!$C$7="",ISNUMBER(SEARCH(Search!$C$7,D87&" "&E87&" "&F87&" "&G87&" "&H87&" "&J87))),OR(Search!$C$8="",ISNUMBER(SEARCH(Search!$C$8,G87)))),1,0) -> 1 | M87: =M86+L87 -> 86
A88: 87 | B88: NAPPCO (Nov 7, 2023 list) | C88: Paperboard | D88: Foldcote - Solid | F88: Cal. 12 | H88: sheet | I88: 22.5 | K88: Nov 7, 2023 | L88: =IF(AND(OR(Search!$C$4="",Search!$C$4="All",B88=Search!$C$4),OR(Search!$C$5="",Search!$C$5="All",C88=Search!$C$5),OR(Search!$C$6="",Search!$C$6="All",D88=Search!$C$6),OR(Search!$C$7="",ISNUMBER(SEARCH(Search!$C$7,D88&" "&E88&" "&F88&" "&G88&" "&H88&" "&J88))),OR(Search!$C$8="",ISNUMBER(SEARCH(Search!$C$8,G88)))),1,0) -> 1 | M88: =M87+L88 -> 87
A89: 88 | B89: NAPPCO (Nov 7, 2023 list) | C89: Paperboard | D89: Claycoat | E89: KR / TW | F89: Cal. 12 | H89: sheet | I89: 10.5 | K89: Nov 7, 2023 | L89: =IF(AND(OR(Search!$C$4="",Search!$C$4="All",B89=Search!$C$4),OR(Search!$C$5="",Search!$C$5="All",C89=Search!$C$5),OR(Search!$C$6="",Search!$C$6="All",D89=Search!$C$6),OR(Search!$C$7="",ISNUMBER(SEARCH(Search!$C$7,D89&" "&E89&" "&F89&" "&G89&" "&H89&" "&J89))),OR(Search!$C$8="",ISNUMBER(SEARCH(Search!$C$8,G89)))),1,0) -> 1 | M89: =M88+L89 -> 88
A90: 89 | B90: NAPPCO (Nov 7, 2023 list) | C90: Paperboard | D90: Carrier (All Kinds) | F90: Cal. 12 | H90: sheet | I90: 14 | K90: Nov 7, 2023 | L90: =IF(AND(OR(Search!$C$4="",Search!$C$4="All",B90=Search!$C$4),OR(Search!$C$5="",Search!$C$5="All",C90=Search!$C$5),OR(Search!$C$6="",Search!$C$6="All",D90=Search!$C$6),OR(Search!$C$7="",ISNUMBER(SEARCH(Search!$C$7,D90&" "&E90&" "&F90&" "&G90&" "&H90&" "&J90))),OR(Search!$C$8="",ISNUMBER(SEARCH(Search!$C$8,G90)))),1,0) -> 1 | M90: =M89+L90 -> 89
A91: 90 | B91: NAPPCO (Nov 7, 2023 list) | C91: Paperboard | D91: Foldcote - Sandwich | F91: Cal. 15 | H91: sheet | I91: 15 | K91: Nov 7, 2023 | L91: =IF(AND(OR(Search!$C$4="",Search!$C$4="All",B91=Search!$C$4),OR(Search!$C$5="",Search!$C$5="All",C91=Search!$C$5),OR(Search!$C$6="",Search!$C$6="All",D91=Search!$C$6),OR(Search!$C$7="",ISNUMBER(SEARCH(Search!$C$7,D91&" "&E91&" "&F91&" "&G91&" "&H91&" "&J91))),OR(Search!$C$8="",ISNUMBER(SEARCH(Search!$C$8,G91)))),1,0) -> 1 | M91: =M90+L91 -> 90
A92: 91 | B92: NAPPCO (Nov 7, 2023 list) | C92: Paperboard | D92: Foldcote - Solid | F92: Cal. 15 | H92: sheet | I92: 27.5 | K92: Nov 7, 2023 | L92: =IF(AND(OR(Search!$C$4="",Search!$C$4="All",B92=Search!$C$4),OR(Search!$C$5="",Search!$C$5="All",C92=Search!$C$5),OR(Search!$C$6="",Search!$C$6="All",D92=Search!$C$6),OR(Search!$C$7="",ISNUMBER(SEARCH(Search!$C$7,D92&" "&E92&" "&F92&" "&G92&" "&H92&" "&J92))),OR(Search!$C$8="",ISNUMBER(SEARCH(Search!$C$8,G92)))),1,0) -> 1 | M92: =M91+L92 -> 91
A93: 92 | B93: NAPPCO (Nov 7, 2023 list) | C93: Paperboard | D93: Claycoat | E93: KR / TW | F93: Cal. 15 | H93: sheet | I93: 12.5 | J93: KR 12.50 / TW 13.00 | K93: Nov 7, 2023 | L93: =IF(AND(OR(Search!$C$4="",Search!$C$4="All",B93=Search!$C$4),OR(Search!$C$5="",Search!$C$5="All",C93=Search!$C$5),OR(Search!$C$6="",Search!$C$6="All",D93=Search!$C$6),OR(Search!$C$7="",ISNUMBER(SEARCH(Search!$C$7,D93&" "&E93&" "&F93&" "&G93&" "&H93&" "&J93))),OR(Search!$C$8="",ISNUMBER(SEARCH(Search!$C$8,G93)))),1,0) -> 1 | M93: =M92+L93 -> 92
A94: 93 | B94: NAPPCO (Nov 7, 2023 list) | C94: Paperboard | D94: Carrier (All Kinds) | F94: Cal. 15 | H94: sheet | I94: 16.5 | K94: Nov 7, 2023 | L94: =IF(AND(OR(Search!$C$4="",Search!$C$4="All",B94=Search!$C$4),OR(Search!$C$5="",Search!$C$5="All",C94=Search!$C$5),OR(Search!$C$6="",Search!$C$6="All",D94=Search!$C$6),OR(Search!$C$7="",ISNUMBER(SEARCH(Search!$C$7,D94&" "&E94&" "&F94&" "&G94&" "&H94&" "&J94))),OR(Search!$C$8="",ISNUMBER(SEARCH(Search!$C$8,G94)))),1,0) -> 1 | M94: =M93+L94 -> 93
A95: 94 | B95: NAPPCO (Nov 7, 2023 list) | C95: Paperboard | D95: Foldcote - Sandwich | F95: Cal. 18 | H95: sheet | I95: 18 | K95: Nov 7, 2023 | L95: =IF(AND(OR(Search!$C$4="",Search!$C$4="All",B95=Search!$C$4),OR(Search!$C$5="",Search!$C$5="All",C95=Search!$C$5),OR(Search!$C$6="",Search!$C$6="All",D95=Search!$C$6),OR(Search!$C$7="",ISNUMBER(SEARCH(Search!$C$7,D95&" "&E95&" "&F95&" "&G95&" "&H95&" "&J95))),OR(Search!$C$8="",ISNUMBER(SEARCH(Search!$C$8,G95)))),1,0) -> 1 | M95: =M94+L95 -> 94
A96: 95 | B96: NAPPCO (Nov 7, 2023 list) | C96: Paperboard | D96: Foldcote - Solid | F96: Cal. 18 | H96: sheet | I96: 31.5 | K96: Nov 7, 2023 | L96: =IF(AND(OR(Search!$C$4="",Search!$C$4="All",B96=Search!$C$4),OR(Search!$C$5="",Search!$C$5="All",C96=Search!$C$5),OR(Search!$C$6="",Search!$C$6="All",D96=Search!$C$6),OR(Search!$C$7="",ISNUMBER(SEARCH(Search!$C$7,D96&" "&E96&" "&F96&" "&G96&" "&H96&" "&J96))),OR(Search!$C$8="",ISNUMBER(SEARCH(Search!$C$8,G96)))),1,0) -> 1 | M96: =M95+L96 -> 95
A97: 96 | B97: NAPPCO (Nov 7, 2023 list) | C97: Paperboard | D97: Claycoat | E97: KR / TW | F97: Cal. 18 | H97: sheet | I97: 14 | J97: KR 14.00 / TW 14.50 | K97: Nov 7, 2023 | L97: =IF(AND(OR(Search!$C$4="",Search!$C$4="All",B97=Search!$C$4),OR(Search!$C$5="",Search!$C$5="All",C97=Search!$C$5),OR(Search!$C$6="",Search!$C$6="All",D97=Search!$C$6),OR(Search!$C$7="",ISNUMBER(SEARCH(Search!$C$7,D97&" "&E97&" "&F97&" "&G97&" "&H97&" "&J97))),OR(Search!$C$8="",ISNUMBER(SEARCH(Search!$C$8,G97)))),1,0) -> 1 | M97: =M96+L97 -> 96
A98: 97 | B98: NAPPCO (Nov 7, 2023 list) | C98: Paperboard | D98: Carrier (All Kinds) | F98: Cal. 18 | H98: sheet | I98: 18.5 | K98: Nov 7, 2023 | L98: =IF(AND(OR(Search!$C$4="",Search!$C$4="All",B98=Search!$C$4),OR(Search!$C$5="",Search!$C$5="All",C98=Search!$C$5),OR(Search!$C$6="",Search!$C$6="All",D98=Search!$C$6),OR(Search!$C$7="",ISNUMBER(SEARCH(Search!$C$7,D98&" "&E98&" "&F98&" "&G98&" "&H98&" "&J98))),OR(Search!$C$8="",ISNUMBER(SEARCH(Search!$C$8,G98)))),1,0) -> 1 | M98: =M97+L98 -> 97
A99: 98 | B99: NAPPCO (Nov 7, 2023 list) | C99: Paperboard | D99: Foldcote - Sandwich | F99: Cal. 20 | H99: sheet | I99: 20.5 | K99: Nov 7, 2023 | L99: =IF(AND(OR(Search!$C$4="",Search!$C$4="All",B99=Search!$C$4),OR(Search!$C$5="",Search!$C$5="All",C99=Search!$C$5),OR(Search!$C$6="",Search!$C$6="All",D99=Search!$C$6),OR(Search!$C$7="",ISNUMBER(SEARCH(Search!$C$7,D99&" "&E99&" "&F99&" "&G99&" "&H99&" "&J99))),OR(Search!$C$8="",ISNUMBER(SEARCH(Search!$C$8,G99)))),1,0) -> 1 | M99: =M98+L99 -> 98
A100: 99 | B100: NAPPCO (Nov 7, 2023 list) | C100: Paperboard | D100: Foldcote - Solid | F100: Cal. 20 | H100: sheet | I100: 33.5 | K100: Nov 7, 2023 | L100: =IF(AND(OR(Search!$C$4="",Search!$C$4="All",B100=Search!$C$4),OR(Search!$C$5="",Search!$C$5="All",C100=Search!$C$5),OR(Search!$C$6="",Search!$C$6="All",D100=Search!$C$6),OR(Search!$C$7="",ISNUMBER(SEARCH(Search!$C$7,D100&" "&E100&" "&F100&" "&G100&" "&H100&" "&J100))),OR(Search!$C$8="",ISNUMBER(SEARCH(Search!$C$8,G100)))),1,0) -> 1 | M100: =M99+L100 -> 99
A101: 100 | B101: NAPPCO (Nov 7, 2023 list) | C101: Paperboard | D101: Claycoat | E101: KR / TW | F101: Cal. 20 | H101: sheet | I101: 16.5 | J101: KR 16.50 / TW 17.00 | K101: Nov 7, 2023 | L101: =IF(AND(OR(Search!$C$4="",Search!$C$4="All",B101=Search!$C$4),OR(Search!$C$5="",Search!$C$5="All",C101=Search!$C$5),OR(Search!$C$6="",Search!$C$6="All",D101=Search!$C$6),OR(Search!$C$7="",ISNUMBER(SEARCH(Search!$C$7,D101&" "&E101&" "&F101&" "&G101&" "&H101&" "&J101))),OR(Search!$C$8="",ISNUMBER(SEARCH(Search!$C$8,G101)))),1,0) -> 1 | M101: =M100+L101 -> 100
A102: 101 | B102: NAPPCO (Nov 7, 2023 list) | C102: Paperboard | D102: Carrier (All Kinds) | F102: Cal. 20 | H102: sheet | I102: 20 | K102: Nov 7, 2023 | L102: =IF(AND(OR(Search!$C$4="",Search!$C$4="All",B102=Search!$C$4),OR(Search!$C$5="",Search!$C$5="All",C102=Search!$C$5),OR(Search!$C$6="",Search!$C$6="All",D102=Search!$C$6),OR(Search!$C$7="",ISNUMBER(SEARCH(Search!$C$7,D102&" "&E102&" "&F102&" "&G102&" "&H102&" "&J102))),OR(Search!$C$8="",ISNUMBER(SEARCH(Search!$C$8,G102)))),1,0) -> 1 | M102: =M101+L102 -> 101
A103: 102 | B103: NAPPCO (Nov 7, 2023 list) | C103: Paperboard | D103: Carrier (All Kinds) | F103: Cal. 22 | H103: sheet | I103: 22.5 | K103: Nov 7, 2023 | L103: =IF(AND(OR(Search!$C$4="",Search!$C$4="All",B103=Search!$C$4),OR(Search!$C$5="",Search!$C$5="All",C103=Search!$C$5),OR(Search!$C$6="",Search!$C$6="All",D103=Search!$C$6),OR(Search!$C$7="",ISNUMBER(SEARCH(Search!$C$7,D103&" "&E103&" "&F103&" "&G103&" "&H103&" "&J103))),OR(Search!$C$8="",ISNUMBER(SEARCH(Search!$C$8,G103)))),1,0) -> 1 | M103: =M102+L103 -> 102
A104: 103 | B104: NAPPCO (Nov 7, 2023 list) | C104: Paperboard | D104: Claycoat | E104: KR / TW | F104: Cal. 24 | H104: sheet | I104: 18 | J104: KR 18.00 / TW 18.50 | K104: Nov 7, 2023 | L104: =IF(AND(OR(Search!$C$4="",Search!$C$4="All",B104=Search!$C$4),OR(Search!$C$5="",Search!$C$5="All",C104=Search!$C$5),OR(Search!$C$6="",Search!$C$6="All",D104=Search!$C$6),OR(Search!$C$7="",ISNUMBER(SEARCH(Search!$C$7,D104&" "&E104&" "&F104&" "&G104&" "&H104&" "&J104))),OR(Search!$C$8="",ISNUMBER(SEARCH(Search!$C$8,G104)))),1,0) -> 1 | M104: =M103+L104 -> 103
A105: 104 | B105: NAPPCO (Nov 7, 2023 list) | C105: Paperboard | D105: Carrier (All Kinds) | F105: Cal. 24 | H105: sheet | I105: 23.5 | K105: Nov 7, 2023 | L105: =IF(AND(OR(Search!$C$4="",Search!$C$4="All",B105=Search!$C$4),OR(Search!$C$5="",Search!$C$5="All",C105=Search!$C$5),OR(Search!$C$6="",Search!$C$6="All",D105=Search!$C$6),OR(Search!$C$7="",ISNUMBER(SEARCH(Search!$C$7,D105&" "&E105&" "&F105&" "&G105&" "&H105&" "&J105))),OR(Search!$C$8="",ISNUMBER(SEARCH(Search!$C$8,G105)))),1,0) -> 1 | M105: =M104+L105 -> 104
A106: 105 | B106: NAPPCO (Nov 7, 2023 list) | C106: Paperboard | D106: Carrier (All Kinds) | F106: Cal. 26 | H106: sheet | I106: 30 | K106: Nov 7, 2023 | L106: =IF(AND(OR(Search!$C$4="",Search!$C$4="All",B106=Search!$C$4),OR(Search!$C$5="",Search!$C$5="All",C106=Search!$C$5),OR(Search!$C$6="",Search!$C$6="All",D106=Search!$C$6),OR(Search!$C$7="",ISNUMBER(SEARCH(Search!$C$7,D106&" "&E106&" "&F106&" "&G106&" "&H106&" "&J106))),OR(Search!$C$8="",ISNUMBER(SEARCH(Search!$C$8,G106)))),1,0) -> 1 | M106: =M105+L106 -> 105
A107: 106 | B107: NAPPCO (Nov 7, 2023 list) | C107: Paperboard | D107: CCKB | E107: Claycoat price + 1 | H107: sheet | J107: Price = Claycoat + P1.00; Carrier cal.11 (SK) = P14 | K107: Nov 7, 2023 | L107: =IF(AND(OR(Search!$C$4="",Search!$C$4="All",B107=Search!$C$4),OR(Search!$C$5="",Search!$C$5="All",C107=Search!$C$5),OR(Search!$C$6="",Search!$C$6="All",D107=Search!$C$6),OR(Search!$C$7="",ISNUMBER(SEARCH(Search!$C$7,D107&" "&E107&" "&F107&" "&G107&" "&H107&" "&J107))),OR(Search!$C$8="",ISNUMBER(SEARCH(Search!$C$8,G107)))),1,0) -> 1 | M107: =M106+L107 -> 106
A108: 107 | B108: NAPPCO (Nov 7, 2023 list) | C108: Paperboard | D108: MK | E108: Same price as Solid | G108: 37 x 45 | H108: sheet | J108: Same price as Foldcote Solid, base size 37x45 | K108: Nov 7, 2023 | L108: =IF(AND(OR(Search!$C$4="",Search!$C$4="All",B108=Search!$C$4),OR(Search!$C$5="",Search!$C$5="All",C108=Search!$C$5),OR(Search!$C$6="",Search!$C$6="All",D108=Search!$C$6),OR(Search!$C$7="",ISNUMBER(SEARCH(Search!$C$7,D108&" "&E108&" "&F108&" "&G108&" "&H108&" "&J108))),OR(Search!$C$8="",ISNUMBER(SEARCH(Search!$C$8,G108)))),1,0) -> 1 | M108: =M107+L108 -> 107
A109: 108 | B109: NAPPCO (Nov 7, 2023 list) | C109: Paperboard | D109: Tagboard | F109: 14 pts | G109: 37 x 45 | H109: sheet | I109: 30 | K109: Nov 7, 2023 | L109: =IF(AND(OR(Search!$C$4="",Search!$C$4="All",B109=Search!$C$4),OR(Search!$C$5="",Search!$C$5="All",C109=Search!$C$5),OR(Search!$C$6="",Search!$C$6="All",D109=Search!$C$6),OR(Search!$C$7="",ISNUMBER(SEARCH(Search!$C$7,D109&" "&E109&" "&F109&" "&G109&" "&H109&" "&J109))),OR(Search!$C$8="",ISNUMBER(SEARCH(Search!$C$8,G109)))),1,0) -> 1 | M109: =M108+L109 -> 108
A110: 109 | B110: NAPPCO (Nov 7, 2023 list) | C110: Coated Paper (C2S/Matte) | D110: C2S / Matte | F110: #55 | H110: per lb | I110: 29 | K110: Nov 7, 2023 | L110: =IF(AND(OR(Search!$C$4="",Search!$C$4="All",B110=Search!$C$4),OR(Search!$C$5="",Search!$C$5="All",C110=Search!$C$5),OR(Search!$C$6="",Search!$C$6="All",D110=Search!$C$6),OR(Search!$C$7="",ISNUMBER(SEARCH(Search!$C$7,D110&" "&E110&" "&F110&" "&G110&" "&H110&" "&J110))),OR(Search!$C$8="",ISNUMBER(SEARCH(Search!$C$8,G110)))),1,0) -> 1 | M110: =M109+L110 -> 109
A111: 110 | B111: NAPPCO (Nov 7, 2023 list) | C111: Coated Paper (C2S/Matte) | D111: C2S / Matte | F111: #60 | H111: per lb | I111: 29 | K111: Nov 7, 2023 | L111: =IF(AND(OR(Search!$C$4="",Search!$C$4="All",B111=Search!$C$4),OR(Search!$C$5="",Search!$C$5="All",C111=Search!$C$5),OR(Search!$C$6="",Search!$C$6="All",D111=Search!$C$6),OR(Search!$C$7="",ISNUMBER(SEARCH(Search!$C$7,D111&" "&E111&" "&F111&" "&G111&" "&H111&" "&J111))),OR(Search!$C$8="",ISNUMBER(SEARCH(Search!$C$8,G111)))),1,0) -> 1 | M111: =M110+L111 -> 110
A112: 111 | B112: NAPPCO (Nov 7, 2023 list) | C112: Coated Paper (C2S/Matte) | D112: C2S / Matte | F112: #70 | H112: per lb | I112: 28 | K112: Nov 7, 2023 | L112: =IF(AND(OR(Search!$C$4="",Search!$C$4="All",B112=Search!$C$4),OR(Search!$C$5="",Search!$C$5="All",C112=Search!$C$5),OR(Search!$C$6="",Search!$C$6="All",D112=Search!$C$6),OR(Search!$C$7="",ISNUMBER(SEARCH(Search!$C$7,D112&" "&E112&" "&F112&" "&G112&" "&H112&" "&J112))),OR(Search!$C$8="",ISNUMBER(SEARCH(Search!$C$8,G112)))),1,0) -> 1 | M112: =M111+L112 -> 111
A113: 112 | B113: NAPPCO (Nov 7, 2023 list) | C113: Coated Paper (C2S/Matte) | D113: C2S / Matte | F113: #80 | H113: per lb | I113: 28 | K113: Nov 7, 2023 | L113: =IF(AND(OR(Search!$C$4="",Search!$C$4="All",B113=Search!$C$4),OR(Search!$C$5="",Search!$C$5="All",C113=Search!$C$5),OR(Search!$C$6="",Search!$C$6="All",D113=Search!$C$6),OR(Search!$C$7="",ISNUMBER(SEARCH(Search!$C$7,D113&" "&E113&" "&F113&" "&G113&" "&H113&" "&J113))),OR(Search!$C$8="",ISNUMBER(SEARCH(Search!$C$8,G113)))),1,0) -> 1 | M113: =M112+L113 -> 112
A114: 113 | B114: NAPPCO (Nov 7, 2023 list) | C114: Coated Paper (C2S/Matte) | D114: C2S / Matte | F114: #100 | H114: per lb | I114: 28 | K114: Nov 7, 2023 | L114: =IF(AND(OR(Search!$C$4="",Search!$C$4="All",B114=Search!$C$4),OR(Search!$C$5="",Search!$C$5="All",C114=Search!$C$5),OR(Search!$C$6="",Search!$C$6="All",D114=Search!$C$6),OR(Search!$C$7="",ISNUMBER(SEARCH(Search!$C$7,D114&" "&E114&" "&F114&" "&G114&" "&H114&" "&J114))),OR(Search!$C$8="",ISNUMBER(SEARCH(Search!$C$8,G114)))),1,0) -> 1 | M114: =M113+L114 -> 113
A115: 114 | B115: NAPPCO (Nov 7, 2023 list) | C115: Coated Paper (C2S/Matte) | D115: C2S / Matte | F115: #120 | H115: per lb | I115: 7.5 | K115: Nov 7, 2023 | L115: =IF(AND(OR(Search!$C$4="",Search!$C$4="All",B115=Search!$C$4),OR(Search!$C$5="",Search!$C$5="All",C115=Search!$C$5),OR(Search!$C$6="",Search!$C$6="All",D115=Search!$C$6),OR(Search!$C$7="",ISNUMBER(SEARCH(Search!$C$7,D115&" "&E115&" "&F115&" "&G115&" "&H115&" "&J115))),OR(Search!$C$8="",ISNUMBER(SEARCH(Search!$C$8,G115)))),1,0) -> 1 | M115: =M114+L115 -> 114
A116: 115 | B116: NAPPCO (Nov 7, 2023 list) | C116: Coated Paper (C2S/Matte) | D116: C2S / Matte | F116: #140 | H116: per lb | I116: 8.5 | K116: Nov 7, 2023 | L116: =IF(AND(OR(Search!$C$4="",Search!$C$4="All",B116=Search!$C$4),OR(Search!$C$5="",Search!$C$5="All",C116=Search!$C$5),OR(Search!$C$6="",Search!$C$6="All",D116=Search!$C$6),OR(Search!$C$7="",ISNUMBER(SEARCH(Search!$C$7,D116&" "&E116&" "&F116&" "&G116&" "&H116&" "&J116))),OR(Search!$C$8="",ISNUMBER(SEARCH(Search!$C$8,G116)))),1,0) -> 1 | M116: =M115+L116 -> 115
A117: 116 | B117: NAPPCO (Nov 7, 2023 list) | C117: Coated Paper (C2S/Matte) | D117: C2S / Matte | F117: #160 | H117: per lb | I117: 10.5 | K117: Nov 7, 2023 | L117: =IF(AND(OR(Search!$C$4="",Search!$C$4="All",B117=Search!$C$4),OR(Search!$C$5="",Search!$C$5="All",C117=Search!$C$5),OR(Search!$C$6="",Search!$C$6="All",D117=Search!$C$6),OR(Search!$C$7="",ISNUMBER(SEARCH(Search!$C$7,D117&" "&E117&" "&F117&" "&G117&" "&H117&" "&J117))),OR(Search!$C$8="",ISNUMBER(SEARCH(Search!$C$8,G117)))),1,0) -> 1 | M117: =M116+L117 -> 116
A118: 117 | B118: NAPPCO (Nov 7, 2023 list) | C118: Coated Paper (C2S/Matte) | D118: C2S / Matte | F118: #180 | H118: per lb | I118: 11.5 | K118: Nov 7, 2023 | L118: =IF(AND(OR(Search!$C$4="",Search!$C$4="All",B118=Search!$C$4),OR(Search!$C$5="",Search!$C$5="All",C118=Search!$C$5),OR(Search!$C$6="",Search!$C$6="All",D118=Search!$C$6),OR(Search!$C$7="",ISNUMBER(SEARCH(Search!$C$7,D118&" "&E118&" "&F118&" "&G118&" "&H118&" "&J118))),OR(Search!$C$8="",ISNUMBER(SEARCH(Search!$C$8,G118)))),1,0) -> 1 | M118: =M117+L118 -> 117
A119: 118 | B119: NAPPCO (Nov 7, 2023 list) | C119: Coated Paper (C2S/Matte) | D119: C2S / Matte | F119: #220 | H119: per lb | I119: 14 | K119: Nov 7, 2023 | L119: =IF(AND(OR(Search!$C$4="",Search!$C$4="All",B119=Search!$C$4),OR(Search!$C$5="",Search!$C$5="All",C119=Search!$C$5),OR(Search!$C$6="",Search!$C$6="All",D119=Search!$C$6),OR(Search!$C$7="",ISNUMBER(SEARCH(Search!$C$7,D119&" "&E119&" "&F119&" "&G119&" "&H119&" "&J119))),OR(Search!$C$8="",ISNUMBER(SEARCH(Search!$C$8,G119)))),1,0) -> 1 | M119: =M118+L119 -> 118
A120: 119 | B120: NAPPCO (Nov 7, 2023 list) | C120: Coated Paper (C2S/Matte) | D120: C2S / Matte | F120: #240 | H120: per lb | I120: 17.5 | K120: Nov 7, 2023 | L120: =IF(AND(OR(Search!$C$4="",Search!$C$4="All",B120=Search!$C$4),OR(Search!$C$5="",Search!$C$5="All",C120=Search!$C$5),OR(Search!$C$6="",Search!$C$6="All",D120=Search!$C$6),OR(Search!$C$7="",ISNUMBER(SEARCH(Search!$C$7,D120&" "&E120&" "&F120&" "&G120&" "&H120&" "&J120))),OR(Search!$C$8="",ISNUMBER(SEARCH(Search!$C$8,G120)))),1,0) -> 1 | M120: =M119+L120 -> 119
A121: 120 | B121: NAPPCO (Nov 7, 2023 list) | C121: Coated Paper (C1S) | D121: C1S | H121: per lb | I121: 32.5 | K121: Nov 7, 2023 | L121: =IF(AND(OR(Search!$C$4="",Search!$C$4="All",B121=Search!$C$4),OR(Search!$C$5="",Search!$C$5="All",C121=Search!$C$5),OR(Search!$C$6="",Search!$C$6="All",D121=Search!$C$6),OR(Search!$C$7="",ISNUMBER(SEARCH(Search!$C$7,D121&" "&E121&" "&F121&" "&G121&" "&H121&" "&J121))),OR(Search!$C$8="",ISNUMBER(SEARCH(Search!$C$8,G121)))),1,0) -> 1 | M121: =M120+L121 -> 120
A122: 121 | B122: NAPPCO (Nov 7, 2023 list) | C122: Book Paper | D122: Book - White | F122: #40 (60gsm) | H122: per lb | I122: 31 | K122: Nov 7, 2023 | L122: =IF(AND(OR(Search!$C$4="",Search!$C$4="All",B122=Search!$C$4),OR(Search!$C$5="",Search!$C$5="All",C122=Search!$C$5),OR(Search!$C$6="",Search!$C$6="All",D122=Search!$C$6),OR(Search!$C$7="",ISNUMBER(SEARCH(Search!$C$7,D122&" "&E122&" "&F122&" "&G122&" "&H122&" "&J122))),OR(Search!$C$8="",ISNUMBER(SEARCH(Search!$C$8,G122)))),1,0) -> 1 | M122: =M121+L122 -> 121
...

Sheet Suppliers
A1: Supplier | B1: Price List Date | C1: No. of Items | D1: Address | E1: Contact Person | F1: Phone / Mobile | G1: Email / Website | H1: Remarks | I1: Source File
A2: Hi-Gloss Lamination, Inc. | B2: Sep 2018 | C2: =COUNTIF('Price List'!$B$2:$B$1352,A2) -> 24 | D2: 289 Dayao cor. Buendia St., Balut, Tondo, Manila | F2: Tel (02) 523-1915 / (02) 522-2930; Telefax (02) 523-1957; Smart 0920-961-8042; Sun 0942-258-2109; Globe 0966-670-2532 | G2: hi.gloss@yahoo.com; www.higlosslamination.com | H2: 3D Spot requires positive emulsion up film. Prices may change without prior notice. List is dated 2018 - confirm current rates. | I2: Hi-Gloss price list (photo)
A3: Commerce Asia, Inc. | B3: Jul 20, 2026 | C3: =COUNTIF('Price List'!$B$2:$B$1352,A3) -> 27 | E3: Antonio N. Gavarra | F3: (632) 8726-4030 loc. 307; Mobile/Viber 0917-713-3467 | H3: Price shown = discounted price (SRP less discount). | I3: COMMASIA_10.2026.pdf
A4: Crosspoint Paper (Silang, Cavite) | B4: 2025 | C4: =COUNTIF('Price List'!$B$2:$B$1352,A4) -> 30 | D4: Silang, Cavite | H4: Newsprint and book paper per ream. | I4: 2025_CROSSPOINT_PAPER_SILANG_CAVITE.docx
A5: NAPPCO (Nov 7, 2023 list) | B5: Nov 7, 2023 | C5: =COUNTIF('Price List'!$B$2:$B$1352,A5) -> 151 | H5: Older list - superseded by April list where items overlap. | I5: NAPPCO price list (image)
A6: NAPPCO (April list - latest) | B6: April (year not shown) | C6: =COUNTIF('Price List'!$B$2:$B$1352,A6) -> 149 | H6: Marked 'internal document, prices indicative only and may change anytime'. Volume discounts via sales head. Handwritten updates included and flagged in Notes. | I6: NAPPCO price list (photo, with handwritten updates)
A7: Star Paper Corp. (Luzon) | B7: May 26, 2026 | C7: =COUNTIF('Price List'!$B$2:$B$1352,A7) -> 407 | E7: Troy (North 1); Jay (North 2); Anthony (South) | F7: Office 0939-913-0347 / 0998-955-4681; Troy 0908-894-7714; Jay 0998-996-6289; Anthony 0928-550-5419 | H7: Dense scanned list - rows flagged 'verify' in Notes were hard to read; confirm with supplier. | I7: Star Paper Luzon price list (scan)
A8: IFEX Philippines (Manila Printer Pricelist) | B8: Q2 2026 (valid to Jun 30, 2026) | C8: =COUNTIF('Price List'!$B$2:$B$1352,A8) -> 283 | D8: 46 Joy Street, Grace Village, Quezon City 1115 (pick-up & delivery) | F8: Trunk line 8364-6041 to 49, locals 516-525 | H8: Unit price per sheet. *New items; **Until supplies last. | I8: IFEX_2026_Manila_Printer_Official_Pricelist_Q2_2026.pdf
A9: IFEX Philippines (Retail SRP List) | B9: Apr 30, 2026 | C9: =COUNTIF('Price List'!$B$2:$B$1352,A9) -> 259 | E9: Angelina F. Singh (Luzon Sales Coordinator); noted by Jeffrey Miranda (Luzon Sales Supervisor) | F9: +632 364-6041 to 49 loc. 524; Viber 0907-333-3333 | G9: luzonnorth@ifex.com.ph | H9: Prices are SRP. | I9: IFEX_Price_List_Effective_043026.pdf
A10: IPLMI (Calamba, Laguna) | B10: 2024 (brochure) | C10: =COUNTIF('Price List'!$B$2:$B$1352,A10) -> 21 | D10: Lot C3-3C Carmelray Industrial Park 2, Km. 54 National Highway, Calamba City, Laguna 4027; 2560 Marcelita Bldg., National Highway, Brgy. Real, Calamba City | E10: Vinizza A. Farenas (Sales Executive); Julie Ann Tipon-tipon (Sales Coordinator) | F10: 0908-898-7777; 0920-961-3285; (049) 545-2885 | G10: sales@iplmi.com; admin@iplmi.net | H10: Brochure only - no prices. ISO 9001:2015, ISO 14001:2015, ISO 45001:2018. Request quotation. | I10: IPLMI_Company_Profile_and_Brochure_2024.pdf
A12: Legend
A13: Yellow cells on the Search tab are the only cells to edit (dropdowns / keywords).
A14: Blue prices on the Price List tab are hardcoded values taken from each supplier's list; add new rows at the bottom of the table to extend it.
A15: Notes column flags 'verify' where the source scan was hard to read, and 'Handwritten update' where the supplier list had pen corrections.

Sheet Lists
A1: Suppliers | B1: Categories | C1: All Items | D1: Category (for item list) | E1: Item (by category)
A2: All | B2: All | C2: All | D2: Board / Specialty | E2: Chipboard
A3: Hi-Gloss Lamination, Inc. | B3: Board / Specialty | C3: 3D Dyna Spot (Pattern) | D3: Board / Specialty | E3: Glassine
A4: Commerce Asia, Inc. | B4: Bond Paper | C4: 3D Glitters (Multi-Colored) | D4: Board / Specialty | E4: Illustration Board
A5: Crosspoint Paper (Silang, Cavite) | B5: Book Paper | C5: 3D Spot (Heavy Duty) | D5: Board / Specialty | E5: Oslo Paper BTO
A6: NAPPCO (Nov 7, 2023 list) | B6: Bookcover Material | C6: 3D Spot (Matt) | D6: Board / Specialty | E6: Parchment
A7: NAPPCO (April list - latest) | B7: Bristol / Vellum | C7: 3D Spot (Ordinary / Semi-Heavy Duty) | D7: Board / Specialty | E7: Pasteboard
A8: Star Paper Corp. (Luzon) | B8: Carbonless Paper | C8: 3D Spot - Digital Jobs | D8: Board / Specialty | E8: Tissue
A9: IFEX Philippines (Manila Printer Pricelist) | B9: Cast Coated (Kromkote) | C9: 3D Spot Exposure Charge | D9: Bond Paper | E9: BE 49gsm
A10: IFEX Philippines (Retail SRP List) | B10: Coated Paper (C1S) | C10: 3D Stone Finish | D10: Bond Paper | E10: Bond Paper
A11: IPLMI (Calamba, Laguna) | B11: Coated Paper (C2S/Matte) | C11: 5D Spot Hologram (3 Designs) | D11: Bond Paper | E11: Bond White (Book Paper Quality)
B12: Coated Paper (PE Coated) | C12: Arco Smooth | D12: Bond Paper | E12: Colored Bond
B13: Colored Paper | C13: Artelibris | D13: Bond Paper | E13: JN Book 45g
B14: Digital Substrate | C14: Assorted Colored Paper | D14: Bond Paper | E14: JN Book 50g
B15: Envelopes | C15: Astro | D15: Bond Paper | E15: JN Book 55/60g
B16: Fine Arts Supplies | C16: Astro Premium Envelope A2 | D16: Bond Paper | E16: MT 51gsm
B17: Glue / Adhesive | C17: Astro Premium Envelope A6 | D17: Bond Paper | E17: MT 54gsm
B18: Greaseproof Paper | C18: Astro Premium Envelope A9 | D18: Bond Paper | E18: MT 58gsm
B19: Kraft Paper | C19: BE 49gsm | D19: Bond Paper | E19: MT 68gsm
B20: Lamination / Finishing Service | C20: Blackgold | D20: Bond Paper | E20: Onion Skin TK042 (by 2 reams w/ paper wrap)
B21: Lamination Film | C21: Bleach Kraft | D21: Bond Paper | E21: Onion Skin TK042 (w/ plastic)
B22: Newsprint | C22: Blossoms | D22: Bond Paper | E22: TE 48gsm
B23: Office / Copy Paper | C23: Bond Paper | D23: Bond Paper | E23: TE 51gsm
... B32: Sticker Paper | C32: Book Paper | D32: Book Paper | E32: Book Paper
C33: Book Paper (box x 5 reams) | D33: Book Paper | E33: Book Paper (box x 5 reams)
C34: Bookbinding Board - DHBJ/DHB | D34: Book Paper | E34: Cream Book
C35: Bookbinding Board - SVB | D35: Bookcover Material | E35: Artelibris
C36: Boxboard TVB (BLE) | D36: Bookcover Material | E36: Buffalo Skin
C37: Bristol / Vellum - Imported | D37: Bookcover Material | E37: Starlin B-Cvr
C38: Bristol / Vellum - Local | D38: Bristol / Vellum | E38: Bristol / Vellum - Imported
C39: Bristol 22.5x28.5 | D39: Bristol / Vellum | E39: Bristol / Vellum - Local
C40: Bristol Board (Cut Size) | D40: Bristol / Vellum | E40: Bristol 22.5x28.5
C41: Bristol Colored (pack of 250s) | D41: Bristol / Vellum | E41: Bristol Board (Cut Size)
C42: Bristol HSB120 | D42: Bristol / Vellum | E42: Bristol Colored (pack of 250s)
C43: Bristol HSB160 | D43: Bristol / Vellum | E43: Bristol HSB120
C44: Brown Glue A-301 | D44: Bristol / Vellum | E44: Bristol HSB160
... C336: Worx Vellum | D336: Sticker Paper | E336: WB/YB Sticker - Book 85g
D337: Sticker Paper | E337: WB/YB Sticker - Hi-Gloss 80g
D338: Sticker Paper | E338: WB/YB Sticker - Hi-Gloss 85g
D339: Sticker Paper | E339: WB/YB Sticker - Satin 80g
D340: Sticker Paper | E340: WB/YB Sticker - Satin 85g
